title,date,userName,review,rating,isEdited,developerResponse
소음/호흡/혈중산소포화도,2022-04-20 23:25:07,💧.현.지.🔥,수면 질을 알려주고 얼마나 잤는지를 알려주는건 정말 좋은거같습니다 5900원 한번 내고 평생 수면 질을 알려주는 건 좋은데 애플워치 7을 사용하고 있는 유저인데 왜 소음 호흡 혈중산소포화도는 측정이 안되고 심박수만 측정이 될까요? 하려고 들어가보면 애플워치 시리즈 3 또는 6 위면 되는 걸로 나오는데요..,4,False,
쉽게 알아 볼 수 있어서 좋아요,2020-09-22 21:48:59,스프라이트1121,"애플의 수면은 그래프가 월요일인지 화요일인지 구분하기 힘든데 오토 슬립은 정확하게
월요일-화요일 이렇게 가르쳐줘서 한 눈에 알 수 있어서 편합니다. 
수면의 단계적인 구분의 정확성도 좋아서 유료로 결제 했지만 돈이 아깝지 않네요. 
처음에는 내가 건강앱의 취침 설정해둔 알람 시간때 심박수를 계산해서 하는 줄 알았는데 
취침시간 외에 낮잠을 자더라도 스마트 워치만 착용하고 있으면 오토 슬립이 체크해 냅니다. 신기🤗",5,False,
핏빗에서 애플워치 넘어옴,2018-03-05 23:24:06,데구르르르,"핏빗을 만족하면서 4년정도 썼는데 제품불량으로 인한 제품교환(밴드,기계오류등)을 두번 정도(핏빗 서비스정책은 정말 좋습니다) 교체해서 쓰다가 충전이 잘 안되는 결함이 또생겨서 그냥 애플워치로 넘어왔는데요. 다좋은데 수면체크기능이 없어서 너무 아쉬웠는데 이앱이 있어서 너무 좋아요. 핏빗은 자동수면체크라 새삼 아이폰에서 수면체크하고 어쩌고 하는게 너무 귀찮았거든요. 그런데 이앱이후 신경안쓰고 자면 수면 품질과 시간을 적당히 알림으로 알려줘서 몹시 편합니다. 강추합니다.",5,False,
"잘만 쓰고 있었는데,,,",2018-03-09 01:54:09,yskim93,"한 2개월 정도 잘 쓰고 있다가 최근에 한글업데이트가 되면서 이상해졌습니다... 
착용하고 하루 일과를 보내도 수면으로 인식이되고 있습니다. 민감도도 조정해 봤지만 소용 없구요. 메뉴얼은 죄다 영어로 돼 있어서 보기 힘들구요. 해결 방안좀 알려주세요",4,False,
좋은만큼 어렵,2022-01-24 23:35:59,SGMuk,"일생의 상당부분을 수면으로 보내기에 관심이 생겨서 공부하다 이앱을 이용했습니다
라이트하게 쓸수있다기보다는 수면에 대한 이해와 관심이 있으시고 영어메뉴널 읽을수 있으시다면 강추드림",5,False,
너무 잘 쓰고 있긴 해요,2021-07-04 02:35:59,옽슯,잘 쓰고 있긴 한데 왜 이렇게 에러가 자주 나요...? 중간에 애플워치 빼고 잔 것도 아니고 계속 그냥 끼고 자는데도 자꾸 에러 떠서 확인이 불가능해요... 큰 돈은 아니지만 돈 주고 샀는데...,4,False,
신통하네요,2018-11-16 07:46:36,숲의영웅,"언제 잠들었는지, 언제 기상하였는지, 헬스데이터와 연동하여 수면시 심박수, 깊은 수면은 몇퍼센트인지까지 전부 체크되어 수면의 질 측정에 매우 많은 도움이 됩니다. 이것저것 해보면서 수면의 질이 향상 될 수 있게 노력해보려 합니다. 감사합니다",5,False,
애플워치 사용자 입니다,2018-02-07 01:52:27,크로와아앙,"애플워치 여러가지 수면관리 앱 사용 해보고 autosleep이 곧 한글 지원 예정이라는 소식을 듣고 넘어왔습니다. 앱 설치만 해 놓으면 자동으로 수면측정이 가능하기 때문에 아이폰, 애플워치에서 소모되는 배터리 양도 적고(거의없음) 매번 수면 시작을 따로 해줘야 하는 다른 앱들에 비해 귀찮음이 없어서 편리한 앱입니다.",4,False,
10월들어서 측정이 잘 안됩니다,2021-10-28 11:41:22,최천재,ios15 영향인가요? 잘쓰던어플이라 측정이 안되서 너무 불편해요 수정해주세요 ㅜ,5,False,
수면측정,2018-02-07 22:24:21,Kawaiigun,기존에 미밴드쓰다가 애플워치로 넘어오면서 비슷한 기능의 앱들을 찾았는데 Autosleep이 가장 근접한 찾던 앱이네요.  그냥 애플워치만 차고 자면 수면 시간을 인식해서 계산해주니 좋습니다,5,False,
대체 왜이렇게 오류가 잘 걸리는건지,2021-08-14 01:33:30,ㄹㄹ0304,"두 달 째 사용하고 있지만 일주일에 2~3번 정도는 오류라면서 수면이 아예 뜨질 않습니다;; 처음부터 오류라고 뜨면 그렇다고 쳐도, 그래프 보던 중에 갑자기 오류라면서 내 눈앞에서 모든 통계가 전부 사라져버리고 에러 라고 뜹니다;; 참다참다 진짜 어이가 없어서 글 남겨요ㅋㅋ 유료어플이라도 추천받아서 쓰고 있는데;;",1,False,
일어 문제,2017-12-24 01:40:22,지산당,"저도 일어로 떠서 고생했네요. 개발사에 메일로 문의한 결과, 우선 2018년 1월 중에 한글이 지원될 예정이라고 합니다. 언어를 영어로 바꾸는 방법은 일반 -> 언어 및 지역 세팅에서 언어를 영어로 바꿨다가 다시 한국어로 바꾸면 영어가 나와요. 알려주기로는 애플워치도 언어를 바꿨다가 다시 한국어로 돌리면 된다고 했는데, 워치는 다시 일어로 돌아가 버리네요. 어쨌든 아이폰은 영어가 되니 참고하세요. 곧 한글 지원이 된다니 기다려 봐야죠 ㅋ",3,False,
애플워치 추천앱,2018-02-21 16:57:43,유똘군,교대근무자입니다. 수면 패턴을 파악하고 싶었는데 딱 맞는 앱을 찾았네요! 꽤 정확하고 좋은데~ 정확한 사용법 설명이 좀 부족한 것 같습니다. 한글화 된지 얼마 되지 않아서 일까요~ 보다 원활한 활용을 위해 설명부분 개선 부탁드려요~ 감사합니다.,5,False,
수면패턴이 뒤죽박죽이었는데,2020-08-21 17:40:44,나예여하하,"졸릴 때 자는 편이라 수면 패턴도 엉망이고 매일 가위나 악몽이나 아니면 몇일동안 못 자서 몰아서 엄청 깊게 자고 이러는 편인데, 스스로 수면 패턴을 정확하게 알고 싶어서 다운 받았어요. 워치와 같이 사용하고 있는데, 왜 내가 오늘 이렇게 피곤한지, 좀 더 잠을 보충해야할 필요성이 있는지 같은 것들을 확실히 알 수 있어서 좋았습니다.",5,False,
수면 시간 측정이 잘 안돼요,2021-10-25 01:47:41,비니에에에이이잉,"워치 차고 자는데 수면 시간 측정이 잘 안되네요.
친구 추천으로 다운받았는데 친구는 잘 된다고 하는데 저는 도무지 잘 측정이 안돼요..
예를 들어 어제는 제가 밤 11시부터 잠에 들었는데 오늘 보니 수면시간이 1시간 45분밖에 안된다고 뜹니다.
잘 때 뒤척임이 많기는 하지만 깨어있던적은 없는데요.
뭐가 문제인지, 뭘 손봐야되는지 알려주세요.",1,False,
신기하고 잘자게 만들어주는 어플,2019-12-08 03:04:47,홀롤롤롤렁ㄴ로,교대근무라 수면패턴을 알고 싶어서 구매했는데 나의 수면패턴을 보는 재미가 쏠쏠하고 내 수면패턴이 얼마나 쓰레기인지 새삼 깨닫게 해주는 어플입니다. 기능이 많지만 수면시작 버튼을 누르고 나면 뭔가 잠이 더 잘오는 플라시보 효과가 있습니다!!! ㅋㅋㅋ 전 정말 잠을 잘 못자는 사람인데 그것만으로 매우 만족하네요.,5,False,
다 좋은데...,2017-12-09 20:03:22,dmgkgkgk,"계정은 한국계정인데
워치어플에서 글자들이 다 일어로 떠요ㅜㅜ
기계를 일본에서 사서그런가여
근데 기본 시계나 그런건 다 한국어 잘만 뜨는데
영어도아니고 일어라니ㅜㅜ",3,False,
시간 기록 이상합니다..,2022-08-28 22:10:58,어떻게좀해보셈,"맨날 11시쯤 자는데 12시부터로 기록돼 있네요;;;
전엔 잘 되더니 왜이러는 건지.. 아이폰 수면에는 제대로 11시 수면으로 찍혀있는데 데이터를 왜 이딴식으로 가져오시는지 궁금하네요",2,False,
개발자님 수정해주세요,2021-10-23 20:39:21,mate3939,원래는 축정이 잘 됐었는데 저번주부터 애플워치를 끼고 있으면 안끼고 있는것으로 인식하고 애플워치를 안끼고 있으면 애플워치를 착용한 것으로 뜹니다. 그리거 애플워치 안끼고 잤는데 bpm이랑 다 측정 된것으로 나오는데 이건 기능이 없는데 있는 것 처럼 만드신건가요?,2,False,
배터리가 빨리닳아요,2021-06-29 15:54:23,왕진지,워치 없이자면 8시간 기준 2~3퍼센트 닳는데 수면측정 위해 워치 착용 하고 자면 측정은 정확하지만 20%가까이 닳아있어서 좋아도 배터리 때문에 못쓰겠어요 ㅠㅠ 저만 그런가요,2,False,
전 야간근무를 하는데요,2020-02-11 18:32:03,모조치즈,"이거 야간 근무시간에도 수면으로 측정되네요 ㅠㅠ
아침에 자는데 어떻게 설정해야하나요",4,False,
수면 기록 잘 쓰고 있습니다 확실히 잘 잔날은 수면 점수가 좋더라구요,2021-06-17 00:09:58,츠루토,"근데 매일 자기 전 애플워치로 알람 시간을 맞춰야해서 번거로움이 있습니다.
휴대폰에 깔린 어플에서 요일, 시간별로 알람을 세팅해놓는 기능이 있으면 좋겠네요(예-주중(월~금) 아침 6:30~7:00 사이 얕은 수면일 때)
그리고 워치에서만 짧게 알람이 울리는게 부족한 것 같아서 워치 말고 휴대폰에서 기상알람이 울리는 기능이 있으면 좋겠습니다.",4,False,
정말 좋은 앱이네요 !,2018-02-10 08:06:49,아담송곳,"정말 좋은 앱이네요 ! 

돈이 아깝지가 않네요 

측정값이 너무 정확해서 깜짝 놀랐어요 !",5,False,
수면 품질 측정 로직이 의심됨,2021-01-10 11:31:24,부장님,"전반적인 수면 품질 측정에 대한 신뢰성이 떨어지는 것 같습니다. 
저는 잠들는데 통상 1시간 이상 소요되는데 잠들기 전이 분명함에도 깊은 수면으로 측정되고 있습니다. 
움직임 감지 및 처리가 매우 부적절 한것 같고 깊은 수면은 심박수가 떨어져야 되는것 같은데 전혀 매칭이 되지 않습니다. 
움직임의 세분화, 심박수 패턴 분석등 수면 분석에 대한 로직이 의심되는 어플인것 같습니다.",1,False,
아주 좋아요,2020-01-10 15:03:56,Kappa357,샤오미 미밴드4 쓰다가 애플워치5로 넘어왔는데요! 애플워치에는 기본앱으로 수면 측정 기능이 없어서 서드파티 앱들중에 고민하다가 이걸로 샀어요. 샤오미꺼보다 더 좋아서 너무 마음에 드네요. 수면 측정도 아주 잘 돼요. 가끔 이상하면 보정도 해줄 수 있어서 좋아요. 다만 기본적으로 하루가 오후9시부터 24시간으로 설정이 되어 있어서 오후 9시 이전에 자면 오후9시에 그 날 수면 종료로 나오더라구요. 그래서 하루 시작 시간을 바꿔주니까 해결됐어요. 밑에 리뷰중에 8시 59분에 잤더니 9시에 수면 종료 되어있더라 라는 분 있었는데 아마 이 문제가 아닌가 싶네요. 그런 경우엔 하루 시작 시간을 한 8시정도로 바꿔보시면 좋을 것 같아요. 아무튼 기능도 좋고 측정도 잘되고 너무 좋아요.,5,False,
정말 너무 좋은 앱입니다,2021-08-20 08:17:56,nutzliche,"일단 구독형이 아니라서 좋고요!!! 그리고 수면의 질에 대해서 다각도로 분석을 해주는 점이 좋습니다. 인터페이스에 한 번 적응이 되면 꽤 직관적이라는 것도 느끼게 되고요.
영어로 사용중이라 한글화에 대해서는 코멘트할 수 있는게 없지만^^; 그래도 수면을 꼼꼼히 관리하기에 제일 좋은 앱이에요.",5,False,
좋아요,2020-12-24 21:24:38,Yhsl1004,이번에 애플워치 구매하면서 수면패턴 알려주는 어플을 찾아봤는데 오토슬립을 알려주더라구요 근데 유료 어플은 한번도 다운받아본적 없어서 고민햇는데 다운받아보니 돈 아깝지 않네요!! 진짜 신기하게 제가 딱 잠든시간이랑 일어난시간을 정확히 알려주더라구욯ㅎㅎ만족하며 잘 쓰고 있습니다!!,5,False,
평소 앱리뷰 안쓰는데,2021-07-30 06:38:25,땍땍이마왕,"두달전 se를 사면서 기존에 갖고 있던 0세대 활용을 생각하다가 알게되어 사용해본 결과 
진심 좋은거 같아요 낮에는 se쓰고 집에서 0세대 착용하고 잘때도 모니터링이 되어 제 수면상태를 체크하는데 얼추 맞는거 같기도 하면서 만족스러워요",5,False,
수면측정이 안돼요,2021-06-22 20:50:59,솜줘,안되는 날도 많고 일어나있었는데 잠들어 있다고 나오고 이상해요,2,False,
에러,2021-10-26 04:45:18,휴궁,"워치를 착용하고 잤는데 착용하지 않았다고 뜨네요..
며칠째 계속 측정이 잘 되지않고 에러가뜹니다ㅠㅠ",1,False,
마음에 듭니다,2020-05-15 01:32:17,별명을지을게없어요,"아주 잘 쓰고 있습니다. 매일매일 측정하며 삶의 질을 향상시키려고 노력하게 되더군요. 그런데 설명이 부족합니다. 측정치에 대해 간략하게나마 설명이나 요약이 있었으면 합니다. 예를 들어 “취침시간을 앞당기세요”, “편안한 마음으로 잠자리에 드세요”, “충분한 수면이 필요합니다” 등 말이죠. 앞으로 더 나은 발전을 기대해 봅니다",5,False,
기능이 너무 많고 복잡함.......,2021-12-02 07:22:23,나정ㅇ이,"잘쓰는 사람은 잘 쓰겠지만 
1. 영어->한글 번역 하면서 직관적으로 다가오지 않는 단어들이 몇개 있음 
예를 들어 수면 품질 : n 시간 이라고 표현되는데 
쉽게 말하면 이 항목은 제대로 잘 잔 시간을 알려줌  
'실질 수면'이라고 나와있는것도 있더만 
왜 '수면 품질'이 대표 제목으로 쓰인지는 모르겠고 
2. 수면 시간 보정 중에 
a. 일어난 시간 : 9시 / 수면 방해 시간 : 1시간 
b. 일어난 시간 :8시반 / 수면 방해 시간 : 0분 
일어난 시간이 9시라면 9시를 선택하면 될것임 
다만 무의식중에 방해받았는지를 어떻게 앎? 
보정 방법에 대해 매우 불친절함 
3. ☠️모든 설명을 앱 외 사이트로 돌림 
앱 내에서 설명을 해주지 않으면 접근력이 떨어져서 이용자들에게 전달이 떨어지는건 다 알텐데 한글 패치도 다 해놓고 어째서 설명서 언어도 따로 선택해야만 하는 방법을 선택했는지는 잘 모르겠음
한국어 선택하면 설명이 나오지도 않음 
4. 나는 1일에 결제했는데 왜자꾸 사용하지 않은 29일 30일에 1일 내용이 자기맘대로 복제돼서 추가 되는지 모를일 ㅡㅡ 
5. 검색해보니 다들 이 많은 기능을 두고 체념한채 몇가지만 사용하는듯함.......다만 어플 제작은 기능 전시만 한다고 되는게 아니지요 접근성을 뜯어 고치기 바랍니다",3,False,
거의 정확해요,2018-12-04 00:54:43,민마리,"Apple Watch를 차고 자거나, 애플 워치를 차고 자지 않아도 거의 정확합니다. 정말 신기한 것 같아요. 하지만 아쉬운 게 있다면 앱이 좀 어려운거 같아요. 제가 이해력이 부족한 것일 수도 있지만 설정이라던지 아니면 현재까지 기록된 내용에 대한 자세한 설명이 부족한것 같아요. 그리고 자다 보면 움직이게 되는데, Apple Watch룰 차고 자다 보면, 중간에 제가 일어나 있는 걸로 기록이 되어 있는 적도 있더라구요. 이런 점은 보안 되면 좋을 것 같습니다.",5,False,
정확도가 나쁘지 않다.,2020-04-01 07:58:21,줄리에트보몽,"애플워치를 어떻게 활용할까 둘러보다가 그냥 받았는데요, 일단 잠자는 동안은 나를 전혀 관찰할 수 없는데 나를 관찰해주는 게 좋습니다. 
잠에 든 시간 등을 보면 정확도도 나쁘지 않은 것 같은데요. 
그런데 낮잠을 잘 때도 있어서, 그건 안 되는 것 같더라고요. 
아무튼 좋고요,
불면증이 오래 됐는데 이걸 보면서 잠 자는 것에 좀 더 정성을 기울입니다.",5,False,
👍,2021-04-18 22:38:38,ㅠㅅㅣ,"평소에 잠을 자도 잔 것같지 않았고 많은 사람들이 이 앱을 추천하길래 앱을 깔아서 사용해보았는데, 잠을 얼마나 자야 되는지 내가 잠을 잘 자고 있는지 등을 알 수 있어서 좋았습니다.. 
근데 이 어플은 수면에 대해서 알려주고 싶은 것이 많아 조금 복잡해보입니다..ㅠ 그래서  이 어플에 있는 모든 기능을 유용하게 사용하지 못해 조금 아쉽습니다.!",5,False,
스마트알람이 설정이 안됩니다ㅜㅜ,2021-07-17 02:12:29,우아ㅓ아아ㅏ,"잘 사용하고 있는데 스마트 알람을 설정하려고 하면 백그라운드 세션을 예약할 권한이 없다고 뜨고 백그라운드 활성화를 눌러도 그 뒤에는  오토슬립 에러라고 뜨면서 Smart Alarm failed with reason -1, error WKExtendedRuntime Session을 시작하거나 일정을 예정하려면 앱이 활성화되고 applicationWillResignActive 앞에 있어야 합니다.
라고 뜨는데 어떻게 해야 해결되나요ㅠㅠ",4,False,
에러,2020-11-30 15:57:46,수현리릴리,왜 계속 에러가 뜨는거에여 맞게 연결 했는데 ㅡㅡ 계속 안돼요 수면 보려고 샀다가 스트레스를 삼,1,False,"{'id': 19474746, 'body': '안녕하세요, 더 많은 도움을 드릴 수 있도록 appsupport@tantsissa.com 또는 앱의 지원 링크를 통해 이메일을 보내 주시기 바랍니다. 감사.', 'modified': '2020-12-01T23:55:32Z'}"
잘 사용하고 있습니다. 과수면,2022-07-30 01:51:54,리뷰에없는이름이필요해ㅣ,"잘 사용하고 있습니다. 
한 가지 아쉬운 점이 있어 코멘트 남깁니다. 
과수면의 경우, 수면 측정 값이 긍정적으로 기록되는 문제가 있습니다. 하루에 12시간 이상 수면하는 문제를 갖고 있는데 수면 품질이 100%로 기록됩니다. 이 부분만 개선되면 좋겠어요.",5,False,
좋은 앱인거 같아요.,2019-11-18 01:17:09,Dearmycoco,"불면증도 있고 항상 잠을 설쳐서 수면패턴을 알고 싶었습니다. 이 앱 말고도 다른 수면앱들을 사용 해봤는데 불편하고 잘 안하게 되더라고요.
근데 이 앱은 워치 페이스에 빼두니까 자기전에 한번씩 더 체크하면서 작동시키니까 편하기도 하고 앱 자체에 제가 원하는 정보들이 많아서 제가 어떤 수면패턴을 가지고 있는지 깔끔하게 확인이 됩니다.",5,False,
앱오류있는거 같아요,2022-07-22 01:32:50,박보굥,"워치5 유저입니다.
환경소음이 체크 되다가 안되더라구요
시리즈4이상부터 된다는데 전 이상인데 왜 갑자기 안될까요?
확인 좀 해주세요ㅜㅜ",5,False,
갑자기 에러나서 이도저도 안되네요 ㅠ,2020-09-27 09:14:01,혜미니미니,"평소에 아주 잘 사용하고 있었습니다! 한달 넘게 문제 없이 잘 사용중이었어요! 
근데 갖자기 에러가 났네요 ㅠㅠ
대부분 ios 업데이트 문제라고 하던데
업데이트 하고 일주일가량 잘쓰다가 갑자기 어제부터 에러가 뜨는데 혹시 몰라 이것저것 다 체크하고 워치 연결해제 재연결 해도 똑같네요 ㅠ 업데이트 문제인가요? 해결은 언제쯤 될까요?",4,False,
좋긴 하나 정확도는 떨어집니다,2020-10-18 01:24:12,찐빵마니아,"깊은 수면, 얕은 수면은 언제인지 알려줘서 참 고마운 앱입니다
허나 침대에 누워있다 나중에 잠이 드는 경우가 많은데 그땐 다 얕은 수면 혹은 수면방해됨 으로 기록됩니다 즉 제가 진짜 그 시간에 잠든 게 아닌데도 그렇게 인식을 해요
수동으로 수면 시작 버튼을 누르고 자야 그나마 정확합니다",5,False,
최고의 수면을 위해서!,2021-01-31 03:12:57,zzzziuuuuu,"애플워치를 사고 가장 효율적으로 사용하는 방법이 뭘까라고 물었을때 다들 이 어플을 추천하더라구요!
덕분에 저의 수면 패턴 및 습관들을 확인할 수 있어서 정말 좋았습니다 감사합니다 :)",5,False,
ios 업데이트 후 에러,2020-11-09 03:35:45,wedancedance,그동안 잘 쓰고 있었는데 이번에 워치 업데이트하면서 새로 생긴 수면기능을 사용하니까 어플이 작동하지 않습니다. 기본 어플보다 정확한 정보를 제공해줘서 좋았는데 둘 다 쓸 수 있도록 어플도 업데이트 해주세요...,4,False,"{'id': 19027373, 'body': '안녕하세요, 둘 다 사용해도 좋습니다. 더 많은 도움을 드릴 수 있도록 appsupport@tantsissa.com 또는 앱의 지원 링크를 통해 이메일을 보내 주시기 바랍니다.', 'modified': '2020-11-10T22:29:07Z'}"
12시전 취침하는걸 전날말고 당일에 포함시킬순 없나요?,2021-03-25 23:00:46,아아어러루투투트탙,"분명 오후10쯤 잣는데 기록이 안되어서 확인해보니 전날 수면한걸로 되어있더라구요. 오후10시~오전 7시 까지 한번에 잔건데 10-12, 12-7 이렇게 따로따로 나뉘니까 좀 불편한거같아요!",5,False,
수면트래킹 굿,2018-05-26 00:12:06,Youny76,"애플워치 사용자들에게 가장 많이 쓰인데서 자도 사용중.
정확도 높고 아주좋네요!
유료라 아쉽지만 수면 조절하는건 컨디션 조절에 너무나 중요해서 전 매우 유용하게 사용중입니다.
특히 깊은수면은 수면의 퀄리티를 나타내기에 이 정보 또한 매우 유용하네요.
만족합니다!",5,False,
후기,2022-02-12 02:49:11,corudrkd,"평점이 완전 호, 불호로 갈려서 
고민을 했지만 사고 보니까 정말 잘 되더라구요
앞으로도 매일매일 차고 잘 거 같아요 !!
시스템 오류 안 나게 평생 앱 유지해주세요 😍",5,False,
수면어플 가성비 좋음,2020-05-29 08:57:54,민트맛 마시멜로우,pillow 수면어플도 좋지만 구독형이라서 Autosleep 으로 옮겼는데 기능도 그렇게 차이가 안나서 좋음. 그리고 한번 구매하고 쓰니까 걱정도 없네요. 이번 업데이트도 좋네요. 배터리 알림이라 ㅎㅎ,5,False,
소음과 호흡 비활성화(애플워치7+아이폰xs),2022-03-20 01:27:09,발자국27,"후기가 좋아서 깔아봤나, 소읍과 호흡 활성화가 안되네요. 앱 상의 설명대로 하기도 해봤고, 2021년도이 다른분들이 설정한 방법대로 다 해봤는데 안되네요. 아무래도 앱 오류인듯 합니다. 반쪽짜리 기능만 시용중이라 아쉽네요. 오류 해결 바랍니다.",3,False,
오류가 있는 줄 알았습니다,2020-03-13 18:42:51,우호으호,"첫 2일은 제대로 기록이 되지만 3일째, 낮 2시에서 밤 9시 사이의 수면 기록이 아예 잡히지 않았더군요.

찾아보니 저 처럼 오류로 수면시간이 잡히지 않는 분들도 계셨고요.

근데 이게 수면 시간이 일정치 않아서 생기는 문제 같더군요.",5,False,
불면증이라,2020-11-14 13:50:59,데이지바니,"수면에 대해 궁금해서 깔았습니다
분명 꿈도 안꾸고 잘 잔다 생각했는데 항상 얕은 잠만 자고 2.3시간 밖에 못잔다는 걸 알게되었어요
그래서 항상 아프고 힘들지만
대한민국 다 화이팅!!",5,False,
유튜브 보고 사지 마세요,2021-10-01 14:47:43,극어어,댓가를 지불하고 불편을 사지 맙시다. 처음 워치 사고 유튜브에 휩쓸려 샀으나 한국에서 서비스 하는데 정작 매뉴얼은 번역없이 서비스를 지속하고 있습니다. 개선의 의지가 보이지 않으므로 굳이 소비를 지속 할 필요 없다고 생각됩니다.,5,False,
너무 잘쓰고 있어요.,2021-09-10 02:21:13,ㅁㄴㅇㄹㅎㅎㅍㅊㅌㅋㅇ,"제 수면 트렌드가 한눈에 보이니 수면시간이나 수면의 질이 신경을 쓰게 되었어요. 
그러면서 일상에 활기도 생기고 루티너리한 일상이 가능해 졌습니다. 스트레스도 훨씬 줄고, 추천 합니다.",5,False,
돈 값 합니다,2021-03-22 23:45:09,앱등나무,평소 잠을 푹 자지 못한다고 생각해서 쓰기 시작했는데 확실히 술 먹고 잔 날은 수면 품질이 떨어지네요 ㅋㅋ 산소포화도도 낮게 측정되고 ㅜ 수면 관리에 많은 도움을 받고 있습니다.,5,False,
버그가 있습니다,2021-02-10 04:44:42,짜증나게좀하지마,"사용하기에는 너무 좋은데 일할 때는 애플워치를 빼 두는데(충전x) 그 시간이 수면시간으로 측정되네요, 그러기만 하면 상관 없지만 편집으로 그 시간들을 제거하면 어플이 계속 자동종료되어 다시 켤 수가 없습니다 그럴 때마다 어플을 삭제하고 다시 받는데 수면시간 측정하기가 불편하네요",4,False,
만족감 높습니다,2022-02-03 02:47:30,신진식,"반년정도사용중인데, 수면체크에 가장 만족도가높습니다. 일관성있는 수면생활하려고 노력하게되네요. 덕분에 건강해지는데 도움이 되는것같아 만족스럽습니다.",5,False,
3점 드립니다.....,2020-10-22 01:43:42,슈퍼콘초코,수동으로 시간 맞추는 것까지는 할 수 있는데 잠에서 깬 게 카운트가 하나도 안 되네요. 눈 뜨고 침대에서 기지개 좀 켠 수준까지 읽기를 바라진 않았지만 깨고 침대에서 일어나서 걷고 손 씻고 두시간동안 다른 짓을 해도 그대로 취침으로 카운트 돼서 수면시간이 8시간으로 집계가 되었네요.. 정확도가 상당히 의심스러워집니다 구매가 약간은 후회 돼요,3,False,
정말 최고의 앱입니다,2020-01-26 02:04:30,푸핰핰,"잠은 그냥 자는건가보다 생각하던 때가 있었습니다
근데 너무 피곤하고 자도 잔거같지가않고
사람들의 추천으로 쓰게되었는데 정말 왜 피곤한지
알게됩니다 수면패턴을 알게되니 내가 똑똑해지는 기분입니다!",5,False,
애플워치 se는 환견소음기능이 안되나요?,2021-09-08 23:07:46,wo0k22,시리즈4이상에서만 사용가능하다는데 워치4이상이라는건지요?초기설정시 그런문구본것같은데 잘못선택해서 기능이안되는건지..설정에서변경가능한지?se모델은안되는지 궁굼합니다.,4,False,
굿,2020-06-11 01:07:41,노고운,"이전에 핏빗에 비해 복잡하긴 한데, 직관적으로 만들어 눈에 잘 띄기는 합니다
아직 의미에 대한 이해가 부족해 제대로 활용하고 있는지 의구심이 좀 들긴 합니다
애플워치가 꺼지면 잠을 깬 걸로 인식하는데, 그 부분은 스마트폰을 통한 인식으로 자동전환되면 좋을 것 같습니다",4,False,
인식부분에관한 의문,2022-09-16 11:29:34,DianaMKYK,"기준이 뭔지 모르겠으나 딱 출퇴근 운전하는 시간에 수면기록이 남아있어 당황했습니다
졸음운전도 아니고 멀쩡하게 운전했거든요...
제일 집중한 시간인데 수면기록으로 남아있어서 어떻게된일인지 궁금합니다",4,False,
수면 관리 앱으로 잘 쓰고 있어요,2021-09-02 02:30:39,bluesesang,"다들 추천하는 앱이었고 저 역시도 잘 쓰고 있습니다.

근데 리뷰를 작성해도 계속 평가해달라고 아래 나오는데 이것 좀 없앨 수 없나요?
이거 때문에 별 하나 뺐습니다",4,False,
가격은 올랐지만 이만힌게 없습니다.,2021-11-20 00:47:02,고경태1208,"1,000원 오른 상태로 구매했습니다. 
5,900원이지만 월구독료가 없는게 가장 큰 장점입니다. 
유사하고 좋은 프로그램들 많지만 매년 몇만원은 기본으로 깨지거든요. 
정말 좋습니다.",5,False,
수면측정이,2021-12-21 07:23:03,헤힇,아이폰 15.2 업데이트 후 계속 에러상태입니다 어플 업데이트를 빨리 해주셔야 할 것 같아요,5,False,
추천합니다,2021-11-23 23:01:35,ljw8318,워치를 사고 싶은 이유 중 하나가 수면측정이었는데 이 어플이 그 점을 상당히 만족스럽게 채워주네요 측정도 거의 정확하고 측정하는 요소들도 많아서 좋네요 돈이 안 아까워요~,5,False,
일어난 시간변경가능허게 해주세요,2020-09-10 00:01:16,두두구구두,"제가 오늘 6시 23분에 일어나면서 시계를 봤고 물한잔마시거 바로 시계를 벗고 샤워를 햄씁니다
하지만 측정값는 7시 15분이네요 
일어난시간을 조정가능하게 해줄 순 없을거려???",4,False,
너무너무 좋은데,2020-10-13 14:41:12,연우다내가짱이야다비켜,진짜 측정도 잘 하고 얼마나 똑똑한지 몰라요 근데 코골았을 때를 캐치해서 저장해 두거나 그런 기능이 추가되면 완벽할 것 같아요 ㅎㅎ,5,False,
구매내역 환불 좀;;,2022-09-22 15:56:00,인스타 관리자,"기본 앱이 훨씬 나음 돈 돌려주세요
커피 한잔 값 보다 비싼데 이게 뭐냐;;
5900원 갖다 버린느낌 제발 구매내역 삭제하고
환불 좀 환불 좀",5,False,
"나무 좋아요 미친,,,",2021-10-04 21:54:53,네즈0110,"너무 좋아요 매일매일 아침마다 보는게 재밌고 우리가 언제 자는지 주변 소음부터 누워서 얼마나 있었는지 얼마나 깊게 수면했는지 수면의질 호흡 다 나옵니다,,진짜 너무 좋아요 돈 값 합니다 꼭 사세요",5,False,
가독성 최악,2022-08-23 23:55:47,Nighthawk_,"다른 앱이랑 크로스체크 해보면 비교적 정확하다고 생각되어 믿고 쓰는 중이긴 한데, 결과화면 읽을 때마다 화가 날 정도입니다.
한국어를 써도 영어를 써도 가독성 안좋은건 똑같아요. 설명이 적혀있는 것처럼 보이는데 설명의 목적을 다하지 못하고, 데이터를 그래프로 보여주지만 그래프를 읽는게 피로합니다. 구독 아닌 대체제가 생긴다면 옮기고 싶습니다.",2,False,
수면 감지 에러,2021-12-08 00:52:02,Art514,Apple Watch7 사용하고 있는데 수면 감지가 안 될 때가 있네요. 수면 시작하고 잠을자는데 감기가 안 될 때가 있어요. (1주일에 1번정도 아님 2번정도),5,False,
교대근무자 수면부족,2020-02-05 08:37:17,복자아빠,워치 산김에 평소 수면패턴이 궁금해서 받앗는데 엄청 신기하네요. 제 수면패턴이 이렇게 나쁜줄 몰랐어요. 덕분에 관리좀 해야겠습니다.,5,False,
난 분명 한번도 안깼는데;,2021-11-02 02:22:17,뀨우우뀨뀨뀨,"구매하고 5일째 사용중입니다만, 5일내내 수면시간이 3시간도 안나오네요.. 난 분명 아이폰 수면시간도 8시간 설정해놨고 애플워치도 수면기능 켜지는데, 시간맞춰 잘 자고 잘때 한번도 안깨는데 그래프보면 중간중간 1~2시간정도 깨어있다고 나와서 난 무슨 몽유병인가했음..  왜이러는지요",3,False,
만족합니다.,2019-10-27 19:25:33,곰같은코알라,"유료어플을 처음 다운로드하면서 고민하지 않을 정도로 주변에서 추천해 줬던 어플이었습니다. 
수면패턴을 알아가는데 큰 도움이 되고 있으나 활용에 필요한 자세한 설명이 부족한 점이 아쉬워 별 하나 뺍니다",4,False,
제대로 측정 안됩니다,2020-05-04 08:50:30,아이폰912,"수면체크도 직접 눌러 해야되고 리뷰 보고 괜찮아서 다운 받았더니 이거원 쓸모가 1도 없음 
환불해주세요",5,False,
환불 부탁드려요 😢,2020-02-19 15:57:33,05.01.28,워치에서는 축정이 잘되는데 폰이랑 연동해서 기록볼려고 했더니 다 날라갔어요 ㅠㅠㅠ 수면측정도 잘되고 분석도 꼼꼼하게 되는것 같았는데 아쉬워요 ㅠㅠ 환불 부탁드립니다 ..,5,False,
수면 추적 어플중 가성비 좋아요,2019-10-21 06:50:53,땀띠연고,"직관적이거나 간단한 어플이 아니라서
좀 번거롭더라도 세세한 설정 좋아하시고 하는 분들이 더 잘 맞을거 같아요

다만 설정이 너무 밤에만 자는 사람 기준으로 되어있어서 그게 좀 불편하네요.",4,False,
애플워치 6,2020-11-15 12:43:59,달토끼양,"폐가 안 좋아서 애플 워치 6 사서 이 어플이 건강 관리에 좋다길래 쓰고 있어요 
제가 얼마나 잤고 얼마나 깊게 잤는지 알 수있어서 좋습니다 이번에 산소포화도 업데이트 기대됩니다 !!",5,False,
아주 만족합니다,2020-12-12 01:59:40,Ksggam,원래 잘때 걸리적 거리는걸 싫어하는데 저의 수면 분석을 아주 정확히 해주는것 같아 이젠 무조건 차고 자네요. 제 그날 그날의 컨디션 확인하기도 아주 좋네요!,5,False,
Watch7 업뎃 후 어플이 안불려옵니다,2020-09-22 10:04:36,민늬,Iphone ios14 에서 지우고 다시깔았는데 워치에 앱생성이 안되네요. Watch app에 들어가서 앱설치를 눌러두 안되구요. 워치> app store > auto sleep 에서 받아보려고 하니 또다시 결제하기가 나와서요(폰에는 설치가 되어있는덷데도 결제를 하라고하네요).  해결 방법이 있다면 알려주세요,3,False,
애플워치 연동 수면앱 추천,2018-02-18 02:30:19,취연,배터리 소모량도 작고 한글화까지 되서 잘 쓰고 있어요. 건강 앱과 데이터호환은 좀 이해하기 힘들긴 한데 아직 제대로 써본진 얼마 안되서 좀더 사용해봐야 알수 있을듯.,4,False,
다 괜찮은데,2021-05-14 17:58:30,jigoo582,며칠에 한 번씩 애플워치랑 연동이 안돼서 다시 연결해야되는데 에러난줄도 모르고 자서 측정이 안된 날들이 중간중간 생기는게 거슬립니다. 애플워치랑 연동 문제 빈번히 나타나는 것 같던데 유료앱이니만큼 빠른 개선 부탁드립니다.,3,False,
애플워치 필수앱,2020-05-03 10:21:28,세젤예지,수면 트래킹 하려고 사용하는데 컨디션이 저조해서 확인해보면 확실히 며칠간 수면 퀄리티가 떨어져있네요. 더 신경써서 자게 됩니다.,5,False,
5900원은 아깝지않음,2022-10-02 04:30:41,앛앝앛앜넘나아너차앛,"수면시간 체크할수있어서 좋음
정확한가 의심은 되지만 보는 재미는 있음
자다깨는거 체크되는게 정확하지 않은듯
중간에 깼는데 0회인적도있고
50회 찍힌적도있음",4,False,
쓸만하네요,2020-11-22 05:12:57,옴 ㅏㅇ,인터페이스가 복잡하지만 그만큼 알려주는 점이 많아서 좋은것 같아요 워치를 사용한다면 꼭 구매해야할 앱 같네요,5,False,
문제오류가 생기는데 어떻게 해야되나요,2020-08-25 06:39:11,야카즈,"측정된 심박수 데이터가 기록되지 않고 있거나 autosleep에 읽기 권한이 부어되지 않았습니다 라고 뜨네요
어제 사자마자 워치차고 잣는데....이게 떠서 아무것도 안되서 답답하네요....",3,False,
수면 패턴,2020-06-01 01:31:58,호오오오대에에에박,잠을 자더라도 피곤함을 느끼곤 했는데 어플을 설치하고 나서 저의 수면 패턴을 확인하고 개운하게 잤는지 설잠을 자서 피곤한지 알게되었습니다. 조작은 살짝 어려운감을 느꼈지만 너무 유용한 어플입니다!!,5,False,
만족하지만..,2021-11-23 13:54:15,SNACKNACK,"조금 더 간단했으면 좋을 것 같아요 아니면 보기 좋게 디자인을 바꾼다라던지.
사용하는데 어려움을 느낀적이 좀 있습니다",4,False,
업데이트 해주세요,2020-09-24 04:18:39,너듀ㅠ통,"아이폰 소프트웨어가 업데이트 하면서
오류가 나는 것 같습니다.
수면 중에 워치 미착용 감지와 탁상위에 놓은 아이폰이 움직임을 감지 한다던지 오류가 계속 됩니다.
8시간을 잣는데 측정된것은 30분입니다.
아이폰 소프트웨어 업데이트 이후 지속발생중입니다.",3,False,"{'id': 19003316, 'body': '안녕하세요, Apple은 최근 14.2 업데이트에서 ""일부 사용자의 경우 건강 데이터가 Apple Watch와 iPhone간에 동기화되지 않았습니다""라는 수정 사항을보고했습니다. iOS 14.2로 업데이트하는 것이 좋습니다. 추가 지원이 필요한 경우 appsupport@tantsissa.com으로 이메일을 보내주십시오.', 'modified': '2020-11-10T00:02:09Z'}"
일반적으로 침대에 가는 시간을 설정할 때 불편한점 ㅠㅠ,2020-05-04 02:10:50,dneiwivm,"교대근무를 하는 앱 이용자입니다. 어제 마법사를 눌러 일반적으로 침대에 가는 시간을 설정했습니다. 설정할 수 있는 시간은 5pm에서 12am 사이로, 범위가 짧아 교대근무를 하는 사람이나 새벽에 자는 사람에겐 적합하지 않은 기능인 것 같습니다. 일단 가장 늦은 12am으로 설정해두었는데 어제는 그냥 12am부터 자고있는걸로 뜨더라구요 ... 실제론 6am에 잤고, 12am엔 워치도 착용하고 있지 않았는데 말이죠 ㅠㅠ 설정 전에는 아주 잘 이용하고 있었는데 .. 이부분 해결 부탁드려요 ㅠ 일반적으로 침대에 가는 시간을 24시간 내에서 설정 가능하게 바꿔주시거나, 설정 이전으로 돌아갈 수 있는 방법을 알려주시길 부탁드립니다 !!!!!!!!",1,False,
요거 덕분에 꿀잠 자는 날이 늘었네요,2020-02-09 21:49:59,henju1004,"그 동안 잠을 질 낮게 자고 있었다는 생각이 들게 해주는 아주 고마운 어플이네요
이 어플로 자는 시간 수면의 질까지 체크가 되니 몸도 가뿐하고 좋은거 같아요",5,False,
잘쓰고 있습니다,2021-10-06 00:55:20,장첼로,"애플워치 필수앱이라고 해서 쓰기 시작했어요.
정확하게 기록되고, 요약도 깔끔하게 그래픽 보기좋게 되어있고, 워치페이스에서도 귀엽게 보기좋게 되어있어요^^",5,False,
좋습니다,2021-02-01 20:38:56,IlIlllllllIIll,"일단 UI가 깔끔한 점이 제일 좋구요 다양하게 분석해주시는 점도 좋았습니다.
다만 코골이도 수면평가 항목중 하나로 들어가면 좋겠네요 감사합니다",5,False,
최고에요,2020-10-15 22:49:03,우왕님,"미밴드도 나름 만족했었는데
이번에 애플워치6 구입하고 사용해보니
미밴드는 그냥커피
오토슬립은 티오피네요",5,False,
기존에는 늘 수면시작을,2018-03-27 14:51:48,MC맴찔,수동으로 설정해야만 했는데 팔에 착용하고 자기만 하면 알아서 나오니 너무 좋네요 아이폰을 만진 시간 이동한 시간 워치 충전시간도 전부 측정되는 것도 너무 좋아요 너무 만족스러워요,5,False,
신세계네요,2021-06-19 00:06:04,jehishdxj,평소 잠을 잘 자는 편이지만 얼마나 질 좋은 수면을 하는지 궁금했었는데 내 수면 시간을 이렇게 정교하게 측정하고 분석해주니 너무 좋네요.,5,False,
계속 오류만 떠요 환불 부탁드립니다,2020-12-19 11:55:42,appㄹ,어제 처음 사서 작동시켜봤는데 계속 오류라고 뜨면서 측정은 안 됩니다. 암호 설정이랑 손목인식 설정도 다 했는데 그래요.. 이메일로 물어보려니 그것도 안 되서 리뷰로 씁니다. 환불 부탁드려요,3,False,
저 애플워치에 왜 설치가안되죠!???,2020-06-18 06:56:39,내가뭘알아,"오늘밤부터 수면패턴분석하는거 하려고하는데 
사용가능한 앱에 나와서 설치누르면 설치가 되질않네요 애플워치5입니다",5,False,
해결가능?환불요청!,2022-09-23 22:33:20,애니스톨,"다 열고 다 승인하고 워치도 다 오픈하고 
유튜브, 블로그 다 확인하고 에러 체크 했는데 연동이 안됩니다. 자고나면 워치에 초록 동그라미 뜨고 곧 사라지고. 아이폰은 낮엔 에러뜨고 저녁엔 없어지고 반복함 넘어어는 데이터는 전혀없음.",3,False,
좋은 앱,2021-09-23 10:57:36,공공수,"수면을 점검 하는데 이 정도 앱을 찾기 힘듭니다. 
자세하고 명확 합니다. 
다만 한 화면에서 사용자가 원하는 정보를 볼 수 있게 하는 위젯 기능은 없나요 ??? 
좋은 앱 .. 감사 합니다.",4,False,
자동측정맞나요?,2020-03-12 15:45:48,오징어오,잠자기 전에 졀도의 설정없이 자동으로 시작된다는 설명듣고 구매했어요. 그런데 워치앱에서는 별도로 수면 시작버튼이 있네요? 자동인지 수동인지 명확하게 알려주셨으면 합니다!!!!!,4,False,
구매취소,2021-02-05 03:03:23,주주11121,"애플워치를 안쓰게 되어 활용하지못할거같습니다.
한번도 이용하지않았는데 환불이 가능할까요?",5,False,
앱이 너무 좋습니다,2020-06-02 11:34:28,joke117,"앱을 처음 돈주고 사보았는데, 잘했다는 생각이 듭니다.

교대근무자인데 제 수면 상태를 파악하는데 많은 도움이 되고 있습니다.
감사합니다.",5,False,
다 좋은데 한가지 아쉬워요!,2021-05-14 23:59:48,깊은수면,자동 수면 측정값은 꽤 정확하지만 매일 앱에 들어가서 확인하지 않으면 기록이 남지 않는 점이 불편합니다. 이거 해결방안 없나요?,4,False,
일목요연,2022-05-27 02:16:25,에비스,"일목요연하게 수면 상황을 볼수있어 좋습니다.
이만한 수면앱이 없는듯. 
 워치7인데 산소포화도도 잘 측정해주네요.",5,False,
에러,2021-02-21 17:33:16,팡페퍼,잘 쓰고 있었는데 언제부턴아 수면 측정이 아예 안됩니다. 검색해보니 에러나는 분들이 많던데 왜 그런건가요?,5,False,
Ios14 업뎃 후 워치와 연동이 안되네요,2020-10-19 02:24:15,구매ㅏㅔ,"애플워치를 백업하지말거 새로 시작하라구 해서 했는데 평상시와 같이 수몀 시작 눌러서 자고 일어나면
아이폰 건강앱에선 8시간 잤는데 오토슬립은 2-3시간 잤다고 정확하지 않네요 

애플워치3땐 잘 썼는데ㅜㅜ",2,False,"{'id': 19003007, 'body': '안녕하세요, Apple은 최근 14.2 업데이트에서 ""일부 사용자의 경우 건강 데이터가 Apple Watch와 iPhone간에 동기화되지 않았습니다""라는 수정 사항을보고했습니다. iOS 14.2로 업데이트하는 것이 좋습니다. 추가 지원이 필요한 경우 appsupport@tantsissa.com으로 이메일을 보내주십시오.', 'modified': '2020-11-09T23:47:19Z'}"
갑자기 기록이 변했어요,2022-02-04 02:20:46,쫑쫑이♥,"원래 기록 잘 되어있었는데 갑자기 제가 22시간 수면한걸로 기록이 변경되었는데 어떻게해야하나요.. 
평소에는 굉장히 잘 쓰고있었는데 ㅠ 기록이 이상해져서 신경쓰입니다",4,False,
계속 에러떠요 ㅠㅠ,2020-08-03 00:30:21,ttttimber,"계속 에러가 나네요 
애플워치에 암호도 설정하고, 손목인식도 활성화 하고, 핸드폰과 애플워치를 껐다 키기도 했는데 계속 에러가 납니다 ㅠㅠㅠ 해결방법 좀 알려주세요... 돈 냈는데 사용이 되지 않아서 매우 슬프네요..",3,False,
수면시 소음기능 활성화 어떻게시키나요?,2021-03-14 22:32:31,피치고,"워치시리즈4이상부터 지원한다는데

저는6인데 왜 안될까요?",5,False,
구매 취소 부탁드려요ㅠㅠ,2020-10-28 16:34:23,abejcndkxksj,"어플 잘 쓰고 있습니다
오토슬립이랑 오토슬립웨이크심박수 번들을 따로 구매했네요.. 오토슬립 구매 취소해서 번들버전으로 구매한걸로 해주세요!",5,False,
지금까지 이런 수면앱은 없.었.다.,2022-02-24 16:32:04,Jin ys,수면 분석의 끝판왕이네요. 많이 잤다고 좋은게 아니라는… 수면의 품질이 중요하다는 사실을 몸소 깨닫고 있습니다.,5,False,
좋아요,2020-11-22 00:29:54,Koodool,"수면상태가 상당히 세세하게 나옵니다. 용어가 번역이 좀 애매한 느낌이 있지만 의미나 용도가 유추가능해서 사용에 어려움은 없고요, 전 잘 사용하고 있네요^^",4,False,
친구랑 공유할 수 있는 기능도 만들어주세요!,2020-07-17 23:38:56,소토리,너무 잘 쓰고있는데 애플워치 활동앱처럼 친구추가하면 서로의 수면 체크를 볼수 있는 기능이 있었으면 좋겠어요!!,4,False,
기대를 크게 한건지 아쉬운점이 좀 있네요,2022-08-27 01:15:49,Peinard_,"낮잠이 된다는 리뷰를 보고 구매했는데 낮잠은 물론이고 밤에 자는 수면시간도 잘 기록이 안되네요 워치 구매한지 열흘도 안됐는데 제 기기가 이상할리는 없고^^; 
가독성도 별로고 여러 좋은 리뷰들 보고 고민하다 깔았는데  여러모로 좀 많이 아쉽습니다",2,False,
호흡수 측정이 안됩니다,2022-02-22 13:55:18,졸립고피곤해,"애플워치7 사용중이며, 모든 권한을 허용했지만, 수면 중 호흡 측정이 안됩니다.
어떻게 해야하나요???",5,False,
돈이 아깝지 않습니다,2021-02-20 01:41:55,HUSH_P,잘자는거에 욕심이 생기긴 처음이네요 애플워치 유저분들은 특히 추천드립니다!,5,False,
와치와 함께 수면 트래킹 좋은 앱,2022-02-06 23:17:25,또봉네,그 동안 잘 쓰고 있었는데 올해 들어 아예 트레킹 못하는 날이 늘어갑니다 ㅠㅠ 어찌하면 나아지는지..,5,False,
훌륭한 어플,2022-01-22 23:24:27,스위스가고싶어요,"수면측정 잘되고 세밀하게 여러가지도 측정이 잘됩니다
애플워치와 아이폰과 같이 사용하면 궁합이 최고입니다",5,False,
정보 날라감,2021-12-27 17:40:46,부엉이 1234,결제해서 쓴지 5일도 안됐는데 기록되어 있던 정보들 띄엄띄엄 날라갔고요; 지금 12일째 쓰는데 벌써 4일째 기록이 없네요; 분명 어제 기록도 있었는데 오늘 들어가니 에러라고 뜨고 설명도 다 영어라서 하나도 모르겠네요;; 5900원이나 주고 결제했는데 환불하고 싶네요ㅠ,2,False,
수면 시작시간 셋팅이 불편합니다,2020-01-22 06:52:29,ㅈㄷ탐정노리,"야간근무로 인해 낮에 잘때도 있는데
무조건 밤에 자는 것만 설정이 되네요
낮잠 잘때도 수면분석하고 싶은데 시간설정 없애주시면 안될까요
나머지 수면분석은 정말 만족합니다",4,False,
좋아요!!,2018-04-06 21:23:23,훈&가을아빠,"처음 써보는데 뒤척임 깊은수면 심박수
등등 와.. 신기해요^^ 
내가 어떻게 자고 잇는지 검사도 해조고 싶고 했는데... 그만큼 자세하고 정확한건 아니겠지만 
좋아요!!",5,False,
너무 좋아요,2020-11-21 23:19:32,언니의근육,수면에 대한 많은 정보를 알 수 있고 꽤 정확한거 같네요. 비용도 적절하고 가성비 좋은 앱인것 같습니다.,5,False,
아직 어플 이해도가 부족한데,2020-03-27 21:20:12,새우깡먹자,"좋습니다!

오늘 아주 잘 잤네요ㅎㅎ
혹 언젠가 코골이, 잠꼬대 녹음 기능이
추가될 계획이 있을까요??",5,False,
수면시간측정,2021-02-03 21:20:08,ㅇㅇㅠ처ㅓㅈ,"오후 9시부터 잤는데 9시부터 11시까지 잔거는 그 전날로 인식되고 11시부터 일어난 시간까지만 그날 잔걸로 인식이 되는데 이거 설정에서 못바꾸나요

그리고 설명서나 이런거 한글로 안나오던데
고쳐주세요",4,False,
설정이 편해서 좋은거 같아요,2018-03-08 06:46:43,cinnabon.,애플워치도 사용하고 있는데 잘때 착용만하고 자면 수면패턴을 어떠한지 나오니깐 신기해요,5,False,
수면시간,2021-10-15 14:37:26,ddedddds,얼마 전에 구매해서 잘 쓰고 있는데 총 수면시간 보다 수면 품질이 더 길게 나오는 오류가 뜨거나 자고 있지 않고 그냥 시계를 풀고 있거나 혹은 차고 공부했는데 수면중이라고 뜨는 오류가 있네요..ㅎㅎ,4,False,
워치산김에 어플도 구매,2020-02-28 01:18:09,뚜여니,이 어플이 수면어플중에선 가장 괜찮다기에 샀어요! 고작 하루 사용해봐서 리뷰를 쓰기엔 이르긴하지만 신기하고 좋네요! 만족해요~!,5,False,
적응중,2021-11-15 22:10:04,littleDG,"적응중입니다만 나쁘지 않은것 같습니다
제대로된 앱 사용을 위해서는 워치6이상을 권장합니다",5,False,
환불요청합니다,2018-06-10 00:09:51,eyggo,"애플워치가 없어도 아이폰 만으로도 되는줄 알았는데 애플워치가 안되면 안되네요. 앱은 좋은거 같은데 애플워치가 없어서....
판매자님께 메일 보내니 환줄요청 하라고 하셨는데 여기서 하는거가 맞겠죠?",4,False,
카카오페이로 결제했는데 만원 결제됐습니다,2021-06-29 07:38:39,정방형최고,따로 고객센터가 있을까요? 환불 부탁드립니다,5,False,
측정이 안 돼요,2020-10-16 14:47:42,카츠만두왕,ios 최신 버전 이후로 오류가 난다는 말과 함께 영어로 된 안내 페이지만 앵무새처럼 반복.. 언제 고치나요?ㅠ 산지 1주는 된 거 같은데 한 번도 측정 못해봤어요,3,False,"{'id': 18550819, 'body': '더 많은 도움을 드릴 수 있도록 appsupport@tantsissa.com 또는 지원 링크를 통해 이메일을 보내주십시오.', 'modified': '2020-10-18T23:55:37Z'}"
굳 어플 입니다.,2020-05-03 21:22:23,돌거울,"나이가 들어 본인의 컨디션을 잘 모를때
객관적인 수치로 하루를 시작 할 수 이어서
너무 좋은 것 같습니다.",5,False,
좋아요,2018-03-12 23:04:49,Jaka_J,애플워치 구입하고 가장 열심히 쓰는 어플이에요. 수면 체크를 구체적으로 할 수 있어 일상을 점검하기에 아주 좋네요. 내가 이렇게 잤다니!,5,False,
제대로 측정이 안돼요,2021-12-03 00:57:22,데인드한내꼬,"돈 주고 산 어플치곤 좀 안맞는 부분이 많아요
워치를 안차고 있었는데도 그 시간까지 수면으로 체크 되기도 하고,,
오류 빨리 수정하셔야 될 듯요",3,False,
상당히 정확합니다.,2020-02-22 05:21:53,아이패드미니2,애플워치에 수면추적이 없어서 이 앱을 깔게 되었는데 생각보다 정확하네요. 정말 돈이 안 아깝습니다.,5,False,
굳,2022-01-11 23:39:00,도를아십니까요,이번에 워치를 구매하고 평소 잠을자도 피곤했는데 이 어플을 설치하고 내가 어떻게 자서 일어날 때 몸 상태가 왜 그런지 알아서 도움이 많이 됩니다,4,False,
연동 끊기고 문의해도 답도 없음. 앱 문제 많음,2022-04-16 23:10:41,lucidghu,부디 사지 마세요. 애플 기본 건강앱에 있는 수면프로그램이 훨씬 정확하고 추세분석도 해주고 좋습니다.  맨날 연동 끊기고 매뉴얼대로 해도 또 동기화 안됨. 이렇게 개발오류 많은 어플은 처음인듯. 문제 있음 연락달라고 하는데 아무 대답이 없고 그냥 사기당한 기분이네요.,1,False,
앱이 열리지않아요,2021-11-06 03:54:46,sien0812,앱열면 강제종료가 되면서 꺼져요. 재부팅해도 해결이 안돼요. 그리고 수면시간도 안정확해요. 출근해서 일하고있는데도 수면중으로 측정되고.. 유료인데 이렇게 별로인 어플은 처음이에요..얼른 고쳐주세요,2,False,
에러 해결안됨,2021-01-13 07:08:58,별명도써야돼?,언젠가부터 초기화를 하거나 연결을 끊었다 재연결을 하면 에러로 뜹니다 백업된 파일을 살리는 것도 아니고 완전 새 애플워치로 연결하는데도 말이죠 애플 고객센터와 직접 확인해본 결과 워치는 정상적으로 연결되어 있으며 앱 자체의 오류같다고 합니다 문제 정확하게 파악하여 오류 및 버그 수정 부탁드립니다 간혹가다 인터넷에서 워치 껐다가 다시 켜서 앱 삭제후 재연결 하면 됩니다 이런 이야기 다 소용 없고 워치 연결 끊었다 재연결도 소용없습니다,1,False,
요즘 오류,2019-12-26 02:13:05,흼1234,"잘쓰고 있었는데 
요즘 자꾸 애플워치를 끼고 잣는데
애플워치 미착용이라고 오류가 나서 제대로 기록을 못하네요
그리고 애플워치 미착용시도 수면시간을 수동으로 기록할수 있게 해주세요",4,False,
잘 쓰고 있는데,2021-12-05 21:46:06,뚕동,몇 개월 째 잘 쓰고 있었는데 최근에 갑자기 워치를 끼고 자도 수면이 안 떠요 어느 날은 떴다가 어느 날은 안 뜨고 그래요 ㅜ,5,False,
최근들어 부정확 하네요 수치가,2020-11-28 04:03:00,스뎅이,8시간을 자도 거의 안잤다고 나오고  흠.. 이년째 쓰고있어요,5,False,
잘 자게 되는 법을 배우게 되는 것 같습니다,2020-05-28 22:33:12,사랑빚는자,평소 잠이 부족해 늘 피곤한 상태였는데 어떻게 하면 잘 잘수 있는지 모색해 보게 되는 계기가 되는 것 같습니다~적극 추천합니다~,5,False,
오류,2021-11-26 02:55:47,eksanwl1112,처음엔 잘 작동되다가 며칠 전 부터 수면중이지 않을때는 수면중으로 체크되고 수면중일때는 체크가 안됩니다;; 돈내고 쓰는 어플인데 이래도 되나요,4,False,
추천합니다!,2018-12-03 08:49:40,별명 생성.?!,"애플워치랑 연동해서 쓰기에 정말 좋아요. 
초기 설정만 하면 알아서 추적합니다. 

대략적인 패턴 분석도 잘 되어 있구요!",5,False,
유료앱인데 개판,2021-04-22 02:23:01,마이크좀떨어져,아니 돈주고 산 앱인데 허구헌날 에러에 수면 시간 조차 제대로 측정 못하고 그냥 밤에 누워서 영화보고 있는 시간을 수면 상태로 측정해버림 ㅋㅋㅋㅋㅋ 몇번을 수동으로 수정했는데도 앱이 학습을 못함. 에러에 대한 업뎃도 제대로 안되고 애플워치사면 입소문으로 가장 많이 설치하는 앱일텐데 이거 비추합니다. 유료 앱 처음 사봤는데 돈 지불할 가치가 없음.,1,False,
하루 한번만 기록이 가능한건 좀 수정했으면 좋겠습니다,2020-04-10 11:04:44,이이이아아ㅏㅏㅇ,교대근무 하다가 수면시간이 하루에 2번으로 간주되거나 할때에 이전기록을 삭제해야만 하던데 수면을 언제 자던 기록할수 있는 방법이 있었으면 좋겠어요제가 못찾은 건지 해결방법이 있다면 알려주세요,3,False,
좋아요 좋은데 안 봐요,2021-12-14 04:15:50,PaikNoel,수면 측정 기가 막히게 잘 됩니다. 분석도 잘해주고요. 그런데 보지를 않네요. 이거 본다고 별다른 조치를 하는 것도 아니고요.,4,False,
기록이 안보여요.,2020-12-01 05:38:58,루유오ㅜ응,수면종료 10분이 지나도 앱내에 기록이 표시되지 않습니다. 오늘 기록도 첫화면에 톱니바퀴만 굴러가고 안 나와요. 앱이 너무 불안정합니다 . 어쩔때는 기록이 잘 보이는데 안 나오는 날이 더 많아요. 나와도 수면 세션인가 그 그래프같은것도 안 뜰때가 많고; 수면 품질 수면시간 링만 나와요. 기록 메뉴 들어가면 달력에 링들이 제대로 나오다가도 어느날은 또 아무것도 안떠요. 위에 배터리 별 달 시계 그림있는것도 이동도 안되고요 ㅋㅋㅋ 돈주고 앱 구매한건데 뭐 기록을 볼 수가 있어야죠;,1,False,"{'id': 19500872, 'body': '더 많은 것을 지원하고 몇 가지 지침을 제공 할 수 있도록 appsupport@tantsissa.com 또는 앱의 지원 링크를 통해 이메일을 보내주십시오.', 'modified': '2020-12-02T23:21:57Z'}"
소음측정이 되지 않고 있습니다.,2020-09-21 22:39:12,케이빈스,"ios14 업데이트 후 그전까지 잘되던 소음측정이 되지 않고 있네요.
시리즈4 이상이 필요하다는 문구만 있고 설정을 못하는데 어찌 해결해야하는지 답변 부탁드립니다.",3,False,
연결 오류,2020-09-19 11:36:54,크크크킁힝,"연결 오류라고 해요! 어떻게 해결합니까
우선 휴대폰 내 건강앱과 연동완료하고 모든 동기화를 켰음에도 “애플워치를 착용하지 않았거나 아이폰과 애플워치 연결에 문제가 있다고 하네요”
빨리 도움 해결해주새요",3,False,
사용해보지 못했어요 환불해주세요,2020-05-08 23:27:27,Bbangooooo,"처음으로 유료앱을 결제해봤는데 아무리해도 사용이 불가능하네요
아래와 같은 에러가 떠서 몇시간을 찾아보고 해결해려고 고생했네요.. 써본적도 없지만 쓰고 싶지 않아요 결제된거 환불해주세요

활성에너자 정보가 기록되지 않고 있거나 autosleep 에  읽기 권한이 부여되지 않았습니다",1,False,
환불요청합니다.,2020-02-05 14:14:59,juvely531,"시계가 필요한 앱인줄 모르고 구매했어요
시계가 없어서 사용을 못하는 앱이네요 환불해주세요",5,False,
디자인 굿~!!,2018-08-03 01:42:39,dldnrwo,깔끔하고 인터페이스도 고급스러우면서 군더더기 없네요. 애플워치 구매후 첫 유료어플인데 아주 만족합니다! ^^,5,False,
좋습니다,2021-10-03 01:25:10,sehyl,쓰다가 수면시작버튼 누르지 않고 낮잠을 자도 대부분 인식하고 키고 자도 잘 인식하네요 가성비 ㅅㅌㅊ인거같습니다,5,False,
워치os7 수면기능 보완,2020-09-20 09:03:03,JasonYuCJ,워치 수면기능이 완벽하지 않아 좀 더 정보를 알고싶어서 구매했는데 만족합니다.,5,False,
상당히 편리하고 좋습니다,2021-05-23 13:37:00,fulemp12,수면장애를 겪고 있는데 수면 시간 관리하기 딱 좋은 앱입니다 유용하게 잘 쓰고 있습니다~,5,False,
만족합니다,2020-09-14 05:31:11,아이폰아린이,교대근무 때문에 수면 패턴을 알아보고자 이 앱을 사용하고있는데 부족한 부분을 보완할 수 있어 좋습니다~,5,False,
아주 좋습니다만 아쉬운 점 딱 한 가지,2020-04-04 09:28:25,머스트,낮잠 기능도 있으면 좋겠어요. 새벽 일을 많이 해서 잠을 쪼개자는데 밤잠만 기록되고 낮잠 기록하려하면 밤잠잔 거는 지워지더라고요. 밤잠과 낮잠을 선택할 수 있게 되면 좋겠습니다.,4,False,
잘 사용하다가 동기화가 안돼요,2022-01-21 22:29:24,ssssuahri,"잘 사용하고 있었는데 갑자기 동기화가 안된다네요,,,저는 건드린거 하나 없는데 그럴때는 어떻게 해야하나오ㅠㅠ",4,False,
최고의 앱,2020-04-16 07:52:40,ちゅほうへ,정말 최고의 앱인거 같습니다. 이게 있으니 내 애플워치가 완벽에 가까워 진거 같습니다. 기능도 좋고 아주 정확 하네요. 완벽에 가까운 앱인거 같습니다.,5,False,
기능이 정말 많은거같아요,2020-02-20 00:22:42,(55555)78865367,아직 10% 정도도 활용 못하고있다 싶을정도로 어플에 심화기능이 많은거같아요 지속사용해보고 마스터해보고싶은 어플이네요,5,False,
환경소음측정,2022-01-08 23:35:15,셜록오,"환경소음측정이되지않는데 이유가뭘까요 
방법좀알려주세요 
알아보려고해도 어플설명은 다영어이고,,ㅠㅠ",4,False,
문제발생시,2019-12-04 23:09:33,오우dd,"이메일을 지원하지 않는 기기라고 뜨네요;;
그리고 워치5를 쓰는데 소음부분에서 워치시리즈4이상 필요하다고 뜨는데 왜이러는 건가요?",4,False,
돈주고 샀는데,2021-12-29 17:10:42,루루루루우루,돈주고샀는데 매일 자기전에 에러떠서 해결하고 자야되네요 이거왜이래요? 건강앱 들어가서 데이터소스접근도 다 확인하고 에러도움말 들어가서 봐도 해결방법 체크???? 하는것도 안뜨고; 해결해주세요,3,False,
인식을 잘 못하는지 수면기록이 안되어있습니다,2021-08-31 18:45:07,uiop8963,처음에는 일시적인 오류라고 생각했는데 일주일에 한번은 꼭 기록이 없고 많을때는 일주일에 세네번 기록이 안되어있습니다 좀 당황스럽네요 저 뿐만 아니라 다른분들도 이런 오류때문에 불편함을 많이 겪고 계신거 같은데 제발 수정 부탁드립니다,1,False,
에러가 너무 자주 나요..,2022-01-02 23:00:28,Lunecalli,애플워치7 사용중이고 수명 측정 안되는 날이 많아서 자기전에 직접 수면측정 누르고 자는 편인데 에러가 너무 자주 나요.. 아무래도 유료 앱인데 측정이 안되면 쓰나마나인데 이건 도대체 언제 수정해주실건가요.. 포털사이트 리뷰만 봐도 에러 심한거 쉽게 확인 가능한데 한달중에 거의 절반 이상이 측정이 안되고 있습니다..,1,False,
느낀 점,2018-11-29 02:05:54,투즈키,뭔가 어려워보인다. 나는 내가 얼마나 잠을 편하게 자는지 보려고 이 앱을 샀는데 그래프가 왠지 무지하게 어렵다. 이거 분석에 신경쓰여서 깊은 수면 못할 것 같다. 하지만 정확도 등에 대해서는 신뢰해도 될 것 같아서 좋습니다.,3,False,
스마트알람 오류 해결 좀..,2022-04-29 17:43:44,샤곽,"애플워치 업데이트 하고 스마트알람이 안 켜져요
자꾸 뭔 에러 메세지만 뜨고 답답하네요
메일 보내도 답도 없으시고..

autowake도 complication 설정해도 알람 작동 안 되던데 해결 부탁드려요",1,False,
에러,2020-11-28 18:25:31,Holololon,잘 쓰고있렀는데 갑자기 에러라면서 애플워치 비빌번호를 풀라고하네요 플려있는데.. 메일을 보내라고만 하시지 말고 해결안될거같으면 환불해주세요,3,False,
이중으로 결제가 됐어요,2022-01-11 08:09:05,까응초응,잘써보려고 하는데 두번이나 결제가 됐어요.. 환불해주세요!,5,False,
며 칠 전부터,2020-07-22 01:03:36,뿌니짜,며 칠 전부터 애플워치와 아이폰에 아무런 이상 없는데 기록이 안되어 있어요 애플워치의 비행기모드나 잠금 다 확인해보았고 이런 경우가 왜 생기는건가요,4,False,
오류가 너무 짖아요,2021-02-03 15:55:41,조쿠여!,"에러가 자꾸 떠서 수면 분석을 할 수가 없어요..
좋다고 해서 구매했는데 7번 사용하면 3-4번은 에러가 뜨네요...",3,False,"{'id': 20865854, 'body': '더 많은 도움을 드릴 수 있도록 appsupport@tantsissa.com으로 이메일을 보내주십시오.', 'modified': '2021-02-04T22:00:18Z'}"
에러때문에 사용을 못하고 있네요.,2020-11-13 14:14:51,밍돌잇힝,지금 동일한 건으로 리뷰가 계속 올라오는데 유료앱임에도 불구하고 일괄적인 답변 너무 무책임하네요. 앱 내에서 링크 걸어 메일 보내는 것 조차 오류로 안보내집니다. 답변으로 적어준 메일로 뭘 이야기를 하라는건지. 잘 사용하다 갑자기 안되니 배신감 드네요.,1,False,"{'id': 19109329, 'body': '안녕하세요, AutoSleep 6.5.1은 건강 데이터 수정과 함께 14 일 토요일에 출시되었습니다. 현재 버전으로 업데이트하면이 문제가 해결됩니다. 도움이 더 필요하면 appsupport@tantsissa.com으로 이메일을 보내거나 앱의 지원 링크를 사용하세요.', 'modified': '2020-11-15T01:29:46Z'}"
...에러,2020-08-29 05:05:24,Naaaayoungg,4900원 내고 구매했는데 에러가 하나만 떠서 측정이 안되는거라면 어떻게든 알아보고 작동법을 알아낼텐데 한개 에러 해결하면 또 다른 에러가 발생됐다고 하고 하나 겨우 에러 없애놓으면 또 발생되고.. 구입하고 아직까지 제대로 측정을 해 본 적이 없네요.. 도움말이라도 제대로 있었으면 뭐라도 읽어볼텐데 이상한 사이트만 뜨네요..,1,False,
돈이 아깝지 않아요,2018-09-10 06:20:36,김찐므,"그런데 도대체 몇시간을 자야 재충전이 100프로인지
진짜 질리게 한 번 자보고 싶다",5,False,
점점 인식이 안돼요,2022-06-19 00:41:53,채지맘,"일부러 수면시간 보려고 워치 착용하고 자는데
오늘은 1시간 잤다네요?
말이 안되잖아요..
첨엔 잘되더니 돈 아까워요",3,False,
극히 별로. 미밴드가 열배는 나음.,2022-05-15 17:31:14,우에다님,"미밴드는 언제 자고 깨는지 수면시간 측정 하나는 제대로 됐음. 이 어플은 온갖 잡다한 기능을 집어넣어서 그런지 제일 중요하고 기본인 수면시간 측정이 시원찮음.

 대부분의 사람들이 언제 잠들고 언제 깼는지, 그 중 깊은 수면은 몇시간인지 이거 궁금해서 쓰는걸거임. 근데 이 어플은 아침마다 내가 기억하는 시간으로 수면시간 조정을 해줘야 함. 이럴거면 수면측정 어플을 쓰는 의미가 있나??",1,False,
좀 병맛임..,2021-04-03 16:44:38,유롱,잘 되다가 어느순간 자지도 않은 시간을 잤다고 표시하고 시간 체크가 제대로 안됨. 건강앱이랑 연동 잘되고 있는데 에러뜨고 ㅋ 심지어는 워치를 차고 있지도 않은 시간에 잤다고 표시되고 ㅋㅋ돈까지 냇으니 좀 빡침. 으으 빡쳐.. 도움말이나 팁 설명 페이지에 태극기가 있으나 페이지 안열리니 참고하세요.,2,False,
워치 연동이 잘 안되요,2021-04-17 02:41:56,parkoooon,분명 워치랑 연결되어 있는데 계속 연결하라고 오류가 뜨네요.. 두세번 어플 닫았다 재실행 해야 연결되요...,4,False,
너무 부정확하네요.,2020-12-30 00:53:39,pius712,애초에 시계로 수면 분석한다는거 자체가 말도 안되지만 혹시? 라는 생각으로 구매했는데 역시나 오류 투성이에요. 저를 몽유병 환자로 만들어버리네요,2,False,
밖같에 큰링이 검은 색으로 바뀌었는데,2020-12-25 23:48:45,자두맛엉덩이,"큰링이 원래 초록색 주황색이 었는데

언제부터 검은색으로만 나옵니다 어떻게 해야하나요?",5,False,
수면관리 최고앱이네요,2018-11-20 01:19:32,사랑나무,워치에서 지원을 안해서 조금 아쉬웠는데.. 이 앱을 통해 완벽한 워치가 되어가는것 같습니다.,5,False,
유료구매했는데 직관적이지가 않네요,2021-05-18 22:46:03,쿵짝2,기능과 메뉴는 많은데 멍확하지가 않고 같은 내용이 계속 반복되는 느낌...겉핧기식 앱인것같아요 디자인만보고 유료 결제한거 후회함,2,False,
어휴..,2020-11-19 21:55:30,하횧,"좋다는 말이 많아서 설치했는데 정확도가 의심되네요.. 멀쩡히 눈 뜨고 있던 시간에 잤다고, 그것도 딥슬립 했다고 나와서 황당합니다.. 그리고 자다가 깨서 화장실까지 갔다 왔는데 그 시간에도 그냥 계속 잤다고 기록 되어 있어서 어이도 없습니다.. 
자다 깨는 일이 많아서 얼마나 깨는지 확인하고 싶어 구매한건데 눈뜨고 뒤척인 것도 아니고 걸어다니기까지 했는데도 깼다고 인식이 안 되니 영.. 그러네요.
차라리 직접 잠든시간 깬 시간 기록하는 게 나을 것 같아요.",1,False,"{'id': 19274719, 'body': '안녕하세요, 수면 보정에 대해 더 많은 도움을 드리고 몇 가지 지침을 제공 할 수 있도록 appsupport@tantsissa.com으로 이메일을 보내거나 앱의 지원 링크를 통해 보내주십시오. 감사합니다.', 'modified': '2020-11-23T00:43:13Z'}"
저아여,2021-12-13 05:42:55,크요온,"그냥 ui깔끔하고 예뻐서 가끔봐요
유용성은 사실 잘 모르겠어요 맨날 전 잘 자네요 ㅋㅋ",5,False,
수면 시간이 틀려요,2020-10-06 15:28:20,와우굳굳굴ㄹㅎ,정확하지가 않네요. 오후 9시엔 깨어있었는데 수면 시작점이 왜 그때인지 모르겠어요. 맞는 날도 있긴 한데 거의 반은 맞고 반은 틀려요. 구매가 좀 후회됩니다....,3,False,
휴대폰에서는 데이터 확인안됨,2020-11-01 00:38:09,emes😃,"워치에서는 측정 데이터를 확인할수있지만 휴대폰에서는 확인안되네요
뭐가 버그가 있는것 같은데 조치가 안된다면 결제취소해주셔야할 것같습니다
유료쓰는 메리트가 없네요
설정에 마법사에서는 착용중이아니거나 연결에 문제가 있는것으로 보인다고만 나오네요",1,False,"{'id': 18860446, 'body': '더 많은 도움을 드릴 수 있도록 appsupport@tantsissa.com 또는 앱의 지원 링크를 통해 이메일을 보내주십시오.', 'modified': '2020-11-02T23:11:34Z'}"
환불,2022-03-06 10:55:41,emplplyyoo,기대하고 깔았는데 계속 오류라고 뜨고 메일을 보내고 앱에 있는 도움말 그대로 보내고 해결되지 않아요 정말 오랜만에 유료어플 결제한건데…답답해서 사용하고 싶지 않아요 빨리 환불해 주시기 바랍니다,1,False,
좋아요 좋아~!,2020-07-21 01:51:43,soh0114,애플워치 사용하면서 이 어플 추천받아서 구매했어요ㅎㅎ 자동으로 측정해주니까 너무 좋네요!ㅎㅎ,5,False,
수면분석하려고 고민끝에,2021-02-24 05:24:20,ㅋㅋㅋㅋㅋ오휴,구매한 첫 수면어플인데 작동이 아예 안되요 비행기모드도 아니고 다 최신버전 업데이트가 되어있는데 계속 워치랑 연동이 안되서 측정이 안되요 환불 좀 해주실 수 있나요 진짜 돈낸거 아까워요,1,False,"{'id': 21305359, 'body': '안녕하세요, 수면 감지 설정을 지원할 수 있도록 appsupport@tantsissa.com으로 이메일을 보내거나 앱의 지원 링크를 통해 보내주십시오. 저희가 도와 드리겠습니다.', 'modified': '2021-02-26T05:04:53Z'}"
측정도안되고 오류도 못잡고.,2020-11-06 13:41:58,ggoolddori,"잘 사용하며 만족하는 중이었는데. 착용 미착용 감지도 못하고. 수면 측정은 당연히 안되니 유료 어플 사용하면서 이런 경우는 또 처음이네요. 

유료버전임에도 불구하고 관리도 못하는 어플인데. 차후 대책은 없는건가요? 답변 부탁합니다. 

별 하나도 아깝네요.",1,False,"{'id': 18975013, 'body': '더 많은 도움을 드릴 수 있도록 appsupport@tantsissa.com 또는 앱의 지원 링크를 통해 이메일을 보내주십시오.', 'modified': '2020-11-09T04:20:56Z'}"
잘 쓰고 있는 앱인데요,2021-10-05 11:51:00,겸두닝,"요즘들어 워치를 안차고 있어도 잔걸로 측정됩니다 ㅜ
몇시간 더 추가되있음요 7시간잤는데 12시간 잤다고 떠있어서 편집해요 ㅋㅋㅋㅋ ㅜ 고쳐주십쇼..",3,False,
심박수 연결 문제,2019-10-08 00:07:09,ㅋㅋㅋ초넨,문제가 발생했다고 뜨고 수면 체크가 안돼요ㅠ 제가 뭘 연결 안 한 것 같기도 한데 심박수가 페어링이 안되는 것 같아요. 어떻게 연결하면 되죠?,5,False,
최고의 수면앱,2021-12-10 23:21:38,SoundVib,가격대비 이정도 기능하는것 없어요 추천합니다,5,False,
에러,2022-03-11 16:54:05,ㅕㅓㅏㅣㅔㅗ,잘쓰고 있었는데 갑자기 에러가 뜨더니 계속 수면 기록이 안됩니다. 인터넷 검색해서 나오는 모든 방법을 다 따라해봤는데 해결이 되지 않아요.,2,False,
유료앱 1위라서 샀는데 후회,2022-02-10 01:59:43,민트호랑이,"매번 일어나서 핸드폰으로 앱에 들어가야지만 기록이 저장됨 
까먹고 며칠 안들어가면 그냥 텅텅 비어있음 
오히려 다른 무료앱이 더 사용성도 좋고 기록도 더 정확함",1,False,
진짜 업데이트 이후로 거의 맨날 안 맞아요 ....,2021-11-10 22:59:32,배kulover,그 전까지 멀쩡하게 썼는데 ........ 업데이트 이후로 맨날 수정해야합니다 그마저도 정확하지 않구요,3,False,
부정확 그자체,2021-07-09 23:05:02,업뎃맘에안들어,"어플 다른 어플에 비하면 완전 비싼데
정말 쓰레기 같음^^
샤오미 미핏 5세대가 진짜 소름돋게 정확하고
이 어플이 측정하는 수면은 정말 하나도 안 맞음ㅎ
심지어 어플 사용도 어려워서 수동 설정도 못하겠음
이제 그냥 잘 때는 샤오미 끼고 자든가 아님 그냥 워치 다 빼고 잠",1,False,
수면 트래킹에는 이만한 게 없네요,2020-09-27 01:23:25,sunnhere,잘 쓰고 있습니다. 다만 아직까지 좀 사용하기 쉬운 느낌은 아니네요,4,False,
왜 기록이 안돼죠,2021-05-26 12:32:18,도기꾼,"뭐가 문제인지 모르겠어요
수면시작 하고 잤는데
시간 카운트되는것도 봤는데 구매일 이후로 한번도 기록이 안됐어요",3,False,
정확도가 떨어져요,2021-11-24 17:21:29,살구눈나,"안자고있는데 새벽이라고 자동으로 수면으로 측정하고,
일어났는데 자고있다고 하는 경우도 허다합니다
보정도 별 의미가 없고, 이렇다보니 수면깊이 측정도 점점 신뢰가 안가요
원래 이정도까진 아니었는데... ㅠ",3,False,
오류,2021-05-21 15:15:45,우워워우어우어,전에는 오류가 없더니 최근 들어서 오류투성이네요… 유료앱인데 빨리 해결해주시면 감사하겠습니다. 신경 안 쓰고 있었더니 일주일치가 통으로 안 돼버렸네요ㅋㅋㅋ 기록은 되는데 시계는 표시가 또 안 되고… 제발 해결해주세요,1,False,
깨어있는데 계속 수면 중이라함,2021-04-21 02:28:21,wjd0303,아침에 일어나서 직장에서 생활하고 있는데도 수면중 깨어있는 걸로 측정되요. 일평균 수면시간이 16시간이 넘게 나오는 게 말이되는지...ㅠㅜ 진짜 나의 평균 수면시간은 6~8시간 정도인데~ 대낮에 일하고 있어도 수면으로 체크~ 유료어플인데 민감도가 너무 떨어지는 거 아닌가요? 하루이틀도 아니고~ 난 잠탱이가 됐네요.,1,False,
워치 충전시,2018-03-17 06:01:30,라트비체,"돈 주고 어플 사본적은 처음인데 좋은 앱인거 같아요
근데 워치 충전시 수면시간으로 인식하는데 어떻게 하면 되나요?",5,False,
업뎃 후 측정 안 됨,2022-10-09 00:16:13,dayadhvamm,"측정 항목이 갑자기 몇 개 사라지고, 측정 결과와 알람에 대한 신뢰도가 떨어졌습니다. 알람 시간 바꾸었는데 바꾸기 전 시간에 알림이 울려 깨는 경우가 있었습니다.",2,False,
다 좋은데 버그 수정좀,2018-03-05 05:17:43,북극곰 ㅋㅋ,"잠드는 시간 일어나는 시간 중간에 깨는 시간 정확하고 잘맞아요
그런데 밤 12시쯤 충전기 연결해놓으면 수면시간으로 들어가네요 낮에는 안그러고요",4,False,
오늘 처음 썼는데 데이터 리셋,2020-07-09 01:56:32,육솁,어제밤 처음 깔아 수면질이 어떨지 궁금했는데 푹 잤고 데이터도 만족했습니다. 조금 더 이불 안에서 뒤척였더니 원래 있었던 데이터가 리셋되고 다른 데이터로 바뀌었네요. 수면알람도 바꿀수도없고. 버그 수정해주세요.,2,False,
워치 암호켜져있으면,2021-11-23 15:11:12,24끝,"왜 수면측정에 오류난다고 하는지...
그래서 수면앱 때문에 암호끄고 사용하면
'APPLE WATCH로 잠금해제' 기능을 못하용하게되서
너무 불편합니다.
수정부탁드려요",1,False,
좋아요!,2021-04-11 04:16:37,ChoMeang,너무 잘 사용하고 있었는데 어느순간 부터 에러라고 표시되는데 어떻게 해결하나요..,4,False,
안 정확해요,2022-02-09 10:17:05,로그아웃그만..,애플워치 차고 가만히 있어도 자고 있다고 인식됨.. 편집해서 일일히 지우기 귀찮.. 그래도 돈 주고 산 유료앱인데 정확성이 아쉬워요,3,False,
앱을 설치했는데,2021-10-06 23:59:24,김미어보틀,"허용이 안됐다며? 정보 저장이 안됩니다 
이거 왜 그런가요
아이폰 설정에 들어가서 앱 내에 모든 것을 허용 해ㅛ는데도 안되네요",3,False,
수면측정 되서 좋아요,2021-02-24 15:57:37,근육질 청양고추,다 좋은데 애플워치로 사용했을때 배터리 소모 너무 심해요 ㅠㅠㅠㅠ,5,False,
환불 부착드립니다,2020-10-30 19:30:20,점례군,"환불 부탁드립니다

지인의 추천으로 써봤는데 시계없이는 별 기능이 없네요

환불 해주세요",4,False,
셀프편집을 어떻게 하는지 모르겠어요,2022-01-15 04:34:25,ㅎㅎㅎㅎㅎㅎㅎㅅㅎ,수면시간이 잘못 입력되거나 오류 떴을 때 편집이 잘 안돼요..,4,False,
금액,2022-10-14 23:53:41,박깨봉,"안녕하세요 ㅠㅠ 결제했는데 왜 22,500원이
결제가 되었나요…..?",5,False,
쓰레기어플,2022-01-07 01:50:51,minw0.0_,에러떠서 설정 -> 개인정보보호 -> 건강 -> 오토슬립 들어가면 검정색 화면만 뜸. 개인정보보호에서 연동 하지 않고 건강 앱에서 직접 하나하나 연동 시켜주면 될까해서 연동 시켜줬는데도 에러뜨고 안 돼서 그냥 안 씀. 딴 거 쓰세요 유료인데도 안 되는 쓰레기 앱 심박수 어플도 샀는데 둘 다 쓰레기임,1,False,
뭐가 문제죠..?,2019-12-23 16:32:04,이름없음흥,제꺼만 에러가 뜨나요? 해결방법으론 풀 수가 없을 것 같아요 되기만 하면 참 유용한 앱일 것 같은데 아직 결제 후 똑바로 써보질 못해서..,3,False,
정확하진 않아요,2018-11-16 08:30:49,seulju,"누워서 폰하고 있는것까지 수면시간으로 쳐버려서...
아이폰이 움직일때 기상으로 간주< 이 옵션 켜봤더니
자면서 옆에 폰 두고 잠들어서 뒤척일때 조금씩 움직이는것까지 기상으로 간주해버리네요.
아이폰을 사용중일때 기상으로 간주< 이 옵션 필요해요",3,False,
너무 좋은데 아쉬운점 한가지!,2020-01-20 01:37:12,Bombom3,"앱 너무 좋은데 아쉬운점이 한가지가 있습니다!
코골이도 측정과 녹음이 되었으면 좋겠어요!",4,False,
업데이트하고 수면 시간 정확하지 않게 나와요,2022-09-20 01:05:57,s준s,이전엔 수면 시간도 정확하고 잘 맞았는데 업데이트하고 시간도 안맞고.. 누워있는 시간 생기더니 그것도 안맞고… 되게 잘 쓰고 있었는데 좀 후회되요 요샌 ㅜ,3,False,
환불해주세요,2021-06-29 10:28:24,진진딘딩디,오늘 낮에 구매하고 회사에서 일하고 왔는데 잤다고 기록되있네요ㅡㅡ 오늘 저녁에 잘 때 기록하는 것 기대하고 있었는데 너무 이상하고 그리고 기록 초기화하고 써보려고 했으나 어플 지웠다가 다시 깔아도 기록 남아있어요 한번도 사용을 하지 않았으니 환불해주세요,1,False,
사용법이 어려운거같기도 합니다,2018-12-08 11:26:39,Dong.H,제가 잘 사용을 못하는것인지 수면을 하지 않은 시간도 계속 수면시간으로 인식이되어서 측정이 어렵습니다ㅠㅜ 도와주세요!!ㅠㅜ,3,False,
수면 측정,2021-11-09 13:51:56,현우느님,처음엔 안 그러더니 한 달 정도 사용하고 나니까 워치를 착용하고 생활을 하는데도 불구하고 계속해서 수면으로 인식하네요. 수정하는 것도 하루 이틀이지 매일 이러니까 귀찮고 짜증 나요 .. 이런 경우가 꽤 많은 것 같은데 해결방안은 없나요,1,False,
문의사항,2021-08-15 04:32:03,윤화바보,"문의사항은 어디로 보내야 하나요ㅠㅠ
저 애플워치6 사용중인데 환경소음 측정이 안되고 있어요
시리즈4라는게 애플워치 시리즈를 말 하는게 맞는건가요ㅠ",2,False,
앱접속불가현상,2021-04-28 10:59:58,닉네임이왜필요해,아이폰 12 os 14.5인데 잘 쓰던 어플이 폰에서 열려고 하니 계속 튕깁니다,3,False,
거의 정확하네요,2018-07-23 04:18:13,넌출월귤,"유료앱이라 고민했는데
다른앱보다 전확하네요
제가 이렇게 잠을 푹 못자는지 몰랐네요",5,False,
오늘처음 사용합니다.,2022-01-21 08:53:13,별명을 뭐라써야되믄거야,오늘첫사용입니다~ 오류많다는 리뷰보고 살까말까고민햇지만 버그수정햇다기에 구매하였습니다~ 추후에 사용리뷰한번더 올리겟습니다,3,False,
매일 체크합니다,2019-06-24 21:05:19,벼러리202,"정확해요 너무 좋아요
깊은 수면 시간에 따라 피곤함이 다르네요ㅎ
신기합니다~",5,False,
하나도 안맞네요,2020-10-27 22:12:44,pyo4748,보통 하루에 4~5시간 자는데(잠자리에 드는 시간은 주말빼고 거의 같음) 어젠 1시간 잔 걸로 나오고 엊그젠 22시간을 잤다고 나오네요ㅎㅎ 뭐하자는 건지... 설치한지 열흘쯤 됐는데 제대로 기록된 적이 단 한 번도 없네요,1,False,"{'id': 18795781, 'body': '안녕하세요, 더 많은 도움을 드릴 수 있도록 appsupport@tantsissa.com 또는 앱의 지원 링크를 통해 이메일을 보내 주시기 바랍니다.', 'modified': '2020-10-30T04:42:18Z'}"
환불부탁드려요,2020-10-08 15:29:17,쭌팍쭌팍,"잘못누르는바람에 결제가됬습니다,, 환불부탁드려요ㅠㅠ 저 애플워치도 없어요ㅠㅠ",5,False,
오,2019-10-27 09:04:42,별을먹자,"자세한 부분 뭐 볼거리가 많아서 좋네요 
3900원 충분히 투자할만하다고 생각합니다",5,False,
계속되는 에러;,2021-02-08 17:33:07,버그슈정부탁,"에러써서 못쓰다가 애플워치 업데이트 한 날 딱 한 번 써보고 또 계속 에러뜨네요 하..
이럴거면 왜 4900원주고 구입했는지 ㅠ
환불받고싶을정도
여러분 이거 사지마세요",1,False,"{'id': 20963994, 'body': '안녕하세요. 더 많은 도움을 드릴 수 있도록 지원팀 (appsupport@tantsissa.com)으로 이메일을 보내주세요.', 'modified': '2021-02-09T23:10:13Z'}"
잘 안맞는것 같아요,2021-01-11 20:55:56,る❣️,안자고 아이폰을 사용중인데도 앱에 수면중으로 측정되고 시간을 수정해도 다음 측정에 보정된 값을 반영하거나 하지 않는것같네요,3,False,
아쉬워요,2022-07-20 17:51:55,뿅용용,"추천받아서 샀는데 일단 정확한 기록측정이 안돼요 
제일 아쉬운거는 낮잠 시간이 기록이 안되고요 
조정도 이거저것 눌러봐도 잘 안되네요",3,False,
갑자기 인식이 안되는지 수면 측정이 안됩니다.,2021-03-10 15:36:06,loveqkr,1년가까이 잘 사용 있었는데 1월 말부터 인식이 안되는지 측정이 안됩니다. 수면기록이 없어요 ㅠ 됐다가 안됐다가 맛간것처럼... 해결좀해주세요 ㅠㅠ,2,False,
수면 측정이 안되고 있습니다,2022-05-27 14:39:30,Ajsbdknp,화요일이후부터는 수며 측정이 안되고 있는데뭐 때문에 그럴까요? 워치 업데이트 해서 그런가요? 확인좀 해주세요,2,False,
제 애플워치에선 작동안해요ㅠㅠ,2021-01-11 05:38:02,빠뻬,"큰맘먹고 산 어플인데 설정을 아무리 이것저것 바꿔봐도 애플워치 차고 자든, 수면시작 누르고 자든 어떤 방법을 써도 측정이 안되고 자꾸 에러가 뜨네요... 속상합니다 어떻게 해야하죠?",1,False,
하,2022-02-21 23:52:44,10어,2개월동안 잘쓰고 있었는데 한달째 수면측정이 안되네요 어떻게 해야 돌아오나요 갑자기 안되니까 너무 황당하네요,2,False,
자동트레킹질문,2021-03-03 14:23:00,삐띠끼씨,제가 따로 누르지않으면 자동으로 측정이 안되는데 이거 어떻게 하나요?,4,False,
SE쓰고 있는데 계속 에러.. 왜 안 돼죠 ㅠㅠ,2020-12-01 00:01:32,미니뭉,건강앱 연동도 다 해뒀는데 뭐가 문제인겁니까.... 어떤 에러가 났을때 어떻게 하라고 알려주는 게 있어야할것같은데 계속 못쓰고있네요,1,False,"{'id': 19500892, 'body': '더 많은 것을 지원하고 몇 가지 지침을 제공 할 수 있도록 appsupport@tantsissa.com 또는 앱의 지원 링크를 통해 이메일을 보내주십시오.', 'modified': '2020-12-02T23:23:17Z'}"
도데체 뭐가 워치만차고있으면 자동으로된다는거죠,2018-10-13 14:13:37,김떡이,"도데체 뭐가 워치만차고있으면 자동으로된다는거죠
어플깔고 승인할거다승인하고 워치차고 잤는데 하나도안되더만 일어나서 워치보니 그제서야 밑에 수면시작버튼이있는걸봤네여 어떤사람이 지금부터 딱 자야지!하고 자는 사람이어딨어 갤럭시기본앱보다도 못한 아주 조잡하기만한 앱이네요 돈 4천원도 아깝습니다",1,False,
좋아요,2022-03-07 03:29:47,띵회루,잠깐 스르륵 선잠에 드는것 까지 어찌 이리 체크를 잘하는지 대단해요 아주 귀신같아요,5,False,
에러 이메일도 보냈습니다,2020-11-09 06:24:50,댑악적,"인터넷에서 찾아본 방법으로 이것 저것 다 해봤지만 그래도 계속 에러라고 뜨네요..  이메일도 여러번 보내봤는데 아무런 해결이 안되고 있습니다.
환불해주세요ㅠ",1,False,
환불요청,2018-06-03 22:49:40,눈보3,Sleep++사용하다가 이어플이 좋다해서 사용해보았는데 자동으로 작동이되지않고 매일 수면보턴을 사용해야하는 불편이 있습니다 불편해서 사용할수없습니다 환불요청합니다 낯에도 수면상태로 작동이됩니다 아무리 조정을해보고 사용법을 보고해도 변화가없습니다 환불바랍니다,2,False,
사용하기어려움  보기어려움,2022-08-11 22:56:51,쇼린지,"사용하기어려움 
보기어려움 ㅜㅜ
자동으로 된다는데 아무것도 측정이안됨
디자인도 엉망이고  Ps 아이폰만 12년차 사용자.",3,False,
어플 에러,2021-04-09 02:40:47,-.-^ㅋ,"처음 구매하자마자부터 에러가 너무 떠서
애초에 되지도 않는데 이거 해결 어떻게하나요 ?
아니면 구매취소 부탁드립니다. 쓸 수 없는 어플을
돈주고 산다는게 참",1,False,
계속 에러래요,2020-05-13 01:48:53,왜에러야,"애플워치엔 이상이 없고 시키는대로 다했는데 계속 에러가 떠서 사용하질 못해요 환불부탁드립니다 후기 좋아서 구매한건데,, 뭐가 문제인건지ㅠ",1,False,
거지같음,2022-09-19 09:12:28,현질했다빡침,"아니 스벌 뭔 1분 잠깐 깼다 다시 잤는데
화요일에 분명 잠들었는데 수요일에 잔 걸로 체크 되어있노 뭐 나는 시간이동자야?
6시부터 8시59분까지자고 9시에 다시 잠들고 12시에 깼는데
화요일에 2시간 59분 자고 수요일에 3시간 잔 사람 됐음 이제 수요일이고 아직 난 잔 적이 없는데
환불 좀",1,False,
요새 맛이 갔어요,2022-02-20 13:01:43,ㄱㄷㅎ08,"잘쓰고있었는데 요새 전혀 수면인식을 못하네요
설정들어가서 허용 권한 다 껐다 켜보라는데 설정 들어가면 아무것도 없는 까만 화면만 나와서 그 방법을 쓸수가 없어요
네이버에 쳐서 나오는 오만 방법 다해봤는데도 인식못하네요 진짜 빡쳐요",1,False,
호흡만 측정이 안됩니다,2022-02-04 02:26:18,별명을입력해뭐하겠냐만,"ios15버전 이고
애플워치는 7시리즈입니다
앱을 삭제했다가 다시 다운로드 받아서 해봐도 똑같아요 해결 좀해주세요",1,False,
계속적이 오류,2021-02-15 17:45:10,시팔;,워치랑 연결도 되어있고 읽기권한도 허용 되어 있는데 계속 오류나고 기록도 안되고 이런 허점투성이인 어플을 구매한게 너무 아깝네요 환불을 해주시던지 개선을 해주세요,1,False,
애플워치se,2020-12-03 02:35:38,매혹터짐,애플워치se 사용중인데 환경소음 탭은 사용 안되는건가요?시리즈4 이상으로만 사용 가능으로 나오고 기록이 안되는걸로 보이네요,3,False,
최근들어 기록이 안됨,2021-08-25 03:25:41,ㅡ아나차인,"삭제 후 재설치, 삭제 후 폰 리부팅 후 재설치 무슨짓을해도 어플들어가면 오류만 뜹니다
뭐 어쩌라는건지
리뷰들보니까 피드백도 느린거같은데해결좀해주세요",1,False,
최고네요~~,2018-08-22 12:41:53,까따꾸이,수면체크가 정확하네요~ 같은 연령대에 평균 수면패턴도 비교되면 좋을것 같습니다~^^,5,False,
최고의 앱이 맞아요,2020-11-25 01:59:34,둘이서라라라02857383,가장 좋은 앱입니다. 2년 넘게 사용 경험입니다.,5,False,
아이폰-애플워치 연동문제,2020-12-03 23:07:09,비트변절자,"어플 쓰고 거의 일주일만에 폰을 바꿨는데, 그 이후로 연동이 안되서 아예 쓰질 못해요. 다른건 다 연동이 되는데 오토슬립만 안되네요. 메일로 문의했는데 읽고 회신도 없고 매우 실망입니다.",1,False,"{'id': 19570867, 'body': '안녕하세요, 더 많은 도움을 드릴 수 있도록 appsupport@tantsissa.com 또는 앱의 지원 링크를 통해 이메일을 보내 주시기 바랍니다. 또한 회신을 위해 정크받은 편지함을 확인하십시오. 감사.', 'modified': '2020-12-06T22:11:50Z'}"
에러가 왜 뜨는겁니까,2020-11-25 05:24:35,pinggu2046,에러 뜨길레 도움말 봤는데 활성 에너지 정보가 기록되지 않고 있거나 오토슬립에 읽기 권한이 부여되지 않았다는데 이건 뭔말인가요 이거떼문에 얼마나 잤는지는 애플워치에서 볼수밖에 없을 뿐더러 그래프도 못보고있네요,1,False,"{'id': 19377761, 'body': '안녕하세요. 더 많은 도움을 드리고 몇 가지 지침을 제공 할 수 있도록 appsupport@tantsissa.com 또는 앱의 지원 링크를 통해 이메일을 보내 주시기 바랍니다.', 'modified': '2020-11-26T22:43:28Z'}"
이걸 왜 돈 받고 파는거죠,2020-08-18 09:49:04,hhhhhhhhhjhhjh,밤엔 워치 끼고 자고 아침에 풀었더니 워치연결이 안되어있다면서 그뒤로 측정이 안돼요 ㅡㅡ 낮잠도 알아서 측정해준다고 하던데 되긴 개뿔 어플 치고 싼 가격은 아니라고 생각하는데 돈만 날림 기분 더럽네요,1,False,
수면측정방법,2021-10-06 13:41:23,정땡땡님,"수면 측정이 잘되다가 갑자기 10월부터
안되고있어요ㅠㅠ 이거 어디다 물어봐야해요",4,False,
별한개도 아까움,2021-11-02 23:52:14,순짱123,자동측정기능 개쓰레기수준 그거 때문에 산건데 야발유튜버들이 추천한다해서 덜컥사지마라 무료중에 이거보다 좋은앱 많으니까 이거 절대사지마,1,False,
아주 만족합니다,2021-02-21 02:33:10,songki1,다만 메뉴와 내용의 한글화는 조금 미흡하나 앱 기능만 따진다면 만족합니다!^^,5,False,
에러뜨는데 해결방법 없나요?,2020-07-01 02:19:00,하리어노우,아니 무료로 다운받는 것도 아니고 돈주고 받는건데 해결방법 정도는 있어야 하는거 아닌가요 ?? 어플에서는 뭐 손목 인식이 안되어있다 활성화가 안되어있다 하는데 다 정상적으로 설정 되어 있고요 메일도 제대로 안되고 이럴거면 왜 돈주고 사는건가요 환불해주세요,1,False,
나름만족,2020-02-03 23:31:41,bestino,비교적 자세한 분석치와 보정방법지원 등 워치앱중에서 만족하는 앱입니다,5,False,
아이폰에서 사용중인데 …이쉽네요,2022-01-09 00:30:16,젬스 박,"요즘최근에 뭐가문제가 있는지 끊어짐이 있고 
정확한data가 전달되지않습니다",2,False,
아침에 자는 사람들을 위한 설정은 없나요,2021-06-13 21:36:09,오우야약,잠자는 시간이 아침인데 침대에 가는 시간 설정은 오후부터 저녁뿐이네여,4,False,
오토슬립 최고!!,2021-10-24 23:02:45,희주형,아침에 일어나서 체크하고 수면품질 알 수 있어서 너무 좋아요❗️❗️,5,False,
좋네요,2020-05-22 01:44:18,ftgcrs,"신기하네요
시계차고 자니 좀 불편하긴한데
그거만 견디면 여러가지 정보를 많이 주네요",4,False,
에러,2020-08-06 04:49:20,ㅔㅣㅓㅐㅏㅑㅜ,"왜 수면측정이 안될까요.. 아무것도 안눌러도 된다고 해서 그렇게 했더니 다음날 보면 측정 하나도 안되어있고 수면시작버튼을 눌러도 측정이 안되어있어요.
나름 유료앱인데 활용 할 수가 없으니 너무 답답해요
어떻게 해야하나요ㅠ",1,False,
정확하지는 않음,2021-11-02 02:24:49,Barbie0805,유료앱임에도 불구하고 기상한 시간이 몇시간이 차이가 날때가 꽤 많네요  다른건 제외해도 기상한 시간은 제가 딱 알기때문에. 돈이 좀 아깝기도 합니다.,2,False,
환불 부탁드립니다,2020-05-05 17:43:55,환불 ㅆ,"워치 사용중이라 추천 받아서 다운받았습니다
자꾸 문제가 뜨는데 읽기권한도 설정 잘 되어있고 
활성에너지 정보 기록이되지 않는다니;
이상한 글이 자꾸 뜨네요^^ 환불 부탁드립니다",1,False,
에러 문제,2022-06-16 16:57:48,aaaaaaaapppple,"매일저녁 자기전에 앱텨서 오류 안뜨나 봐주고 오류뜨면 무한 새고나 재부팅 해야됨
에러 이렇게 많이 나는 줄 알았으면 이돈주고 안샀음
저녁마다 앱 들여다보고 있느라 수면에 더 방해되는듯",1,False,
최악입니다 환불할수 있으면 하고 싶네요,2021-06-06 14:36:03,ljhopee,"처음에는 잘 되다가

요새는 에러뜨고 도움이 필요하냐고 물어서 누르면 기기가 이메일을 지원하지 않습니다. 참 ㅋㅋㅋ 잘도 만드셨네요 

최악이네요 진짜",1,False,
작동은 되는게 맞는건지..,2021-01-14 10:48:02,kkreew,"다운받고 실행한 뒤 아예 되는게 없어요.. 에러가 떠서 설정도 다 맞췄고 메일 답장도 묵묵무답이고 휴

서비스가 어려우면 그냥 환불을 해주세요ㅜ",1,False,
기기가 이메일을 지원하지 않습니다,2020-05-26 22:11:07,기리리릴릴,"제목 그대로 자꾸 저러면서 어디 해결책도안나오고
다시깔아보도 새로 해보고 해라는데로 다해봤는데 
안되네요 아직 하루 안자봐서 그런건가 생각하고 
했는데 자료가 하나도없네여",1,False,
계속 에러가 납니다. 환불해주세요.,2022-02-25 00:26:48,다랑구,에러라고 떠있어서 제대로 사용한 적이 없어요… 네이버에 검색해서 갖가지 방법 사용해봐도 마찬가지고요. 환불부탁드립니다.,1,False,
야간 당직자는 쓸수없음,2021-04-26 13:40:02,머ㅓ랴야ㅐ자뫃,수면시간을 새벽으로 설정할수도 없고 저는 수면시간이 두 타임으로 나눠서 쪽잠을 자는 편인데 그런것도 전혀 인식이 안됨 수면시작 버튼 눌러서 기록해도 수면시간으로 기록이 안되는데 어떻게 쓰란건지 돈버렸네 퉤,1,False,
오류,2022-02-17 01:54:41,아ㅏ 37,이 앱이 좋다고해서 원래 쓰던것도 삭제하고 결제해서 깔았는데 며칠째 오류라고 수면측정도 안되고 해결방법도 다 영어라 알수도 없고 좀 답답하네요 괜히 앱을 바꾼거 같습니다,1,False,
애러가 너무 자주 나요,2021-09-01 23:46:51,오렌지분식,"저는 수면하기 버튼도 누르고 자는데
다음날에 에러뜨는날이 너무많네요
일주일에 2-3번은 뜨는것 같습니다 지금 2일연속 에러라서 빡쳐서 리뷰남기러 왔습니다",1,False,
설명이 부족해요,2020-09-28 04:17:35,8YpzZZhvQ,"다 좋은데 설명이 부족합니다
그리고 타 어플처럼 코골이 녹음도 되었으면 합니다",4,False,
만족합니다.,2021-01-07 00:07:20,흠브레가스,바쁜 현대인들에게 수면에 대한 분석을 잘해주니 좋네요.,5,False,
업데이트 이후...,2020-09-23 02:04:27,초보678,"이번 iOS 업데이트 이후 그동안 잘 작동하였던 어플이 수면 추적이 정상적으로 작동이 안됩니다.
특히 애플시계를 극장모드로 해놓고 잠을 자면 측정이 되지 않습니다.
빠른 시정 부탁드립니다",1,False,"{'id': 19002743, 'body': '안녕하세요, Apple은 최근 14.2 업데이트에서 ""일부 사용자의 경우 건강 데이터가 Apple Watch와 iPhone간에 동기화되지 않았습니다""라는 수정 사항을보고했습니다. iOS 14.2로 업데이트하는 것이 좋습니다. 추가 지원이 필요한 경우 appsupport@tantsissa.com으로 이메일을 보내주십시오.', 'modified': '2020-11-09T23:29:10Z'}"
측정이 이상해요,2021-04-15 22:14:25,돈아까...,정말 리뷰같은거 작성안하는데 유료앱중에 제일 아깝네요 12시넘어서 잤는데 11시부터 수면이라고 되어있고 물론 워치빼고있다가 12시부터 착용했는데 어찌 11시부터 수면이 나올수있나요,1,False,
에러,2020-03-09 00:50:09,이눠추나,"첫화면부터 문제가 발생했다고 뜹니다
그리고 시계에는 계속 애러가 뜨는데 수정좀 해주세요 ㅠ",3,False,
정말 좋았는데,2021-11-30 12:31:36,۶ (>﹏<｡),"계속 에러가 나고 수면 시간도 측정이 안됩니다
기존에 있던 데이터도 다 날아갔구요
빨리 고쳐주시던가 아님 환불해주시면 좋겠습니다",1,False,
에러뜨는 이유좀,2021-05-05 02:21:23,아니무슨어플이이래,며칠 전부터 에러가떠서 수면시간 측정이 안되네요 문제 해결 부탁드립니다,3,False,
데이터 초기화하는 방법이,2020-12-24 01:56:56,_._hy,"데이터 초기화 또는 기록삭제 하는 방법이 있을까요?

기록을 아예 없애는 방법이 궁금합니다.",5,False,
진짜 말도 안되게 좋은 앱,2022-03-14 00:57:14,강윱윱,"아침잠이 많아서 고생하던 차에 애플 워치를 사게 되었고, 이 앱을 알게 되는 건 자연스러운 수순이었습니다.
결론부터 말하자면 애플 워치 있는 분들은 꼭 사시면 좋을 앱입니다.

얕은 수면 상태를 자동으로 감지해서 정해진 기상 시간에서 가장 가까운 얕은 수면 상태일 때 깨워주는데요, 평소 알람을 듣지 못하고 계속 자던 일상이 무색하도록 잘 일어나게 됩니다.
불쾌하지 않게 잠에서 깨어날 수 있다는 장점도 있습니다. 잠이 덜 깨서 어질어질하지도 않고 개운한 상태로 눈을 뜨게 되네요.

이 앱 쓰고 그간 매번 망가지던 수면 패턴이 순식간에 제자리를 찾았습니다. 개발진 분들 수고하십니다.",5,False,
아이폰13프로 사용자입니다,2022-02-20 19:24:19,우투탸잔,"소음(dB),호흡기능 활성화가 안되는데 활성화 셋팅방법 문의드립니다",2,False,
요새이상함,2021-11-21 14:37:29,고양이젤리,원래 낮잠 자면 1/2 이렇게 페이지 나눠서 두번 측정됐는데 이제 워치 안 차고 있는데도 측정돼서 수면시간이 이상하게 나옴.... 워치를 안 찼는데 심박수는 어떻게 표시가 되는건지 어이가 없다 그냥,1,False,
환불 부탁드려요!,2020-03-22 09:14:47,현선리누누,"자꾸 에러가 뜨네요ㅠㅠ 하라는대로 다 했는데 계속 안돼요.. 애플 고객센터에 연락했는데 워치에는
문제가 없고 앱에 이상이 있는 거 같다고 하네요. 환불 부탁드립니다!",1,False,
요새 좀 이상함,2021-11-18 11:15:13,윈쳐솔더,워치 차고 자는데도 측정 안되는 날도 많고 무엇보다 배터리를 너무 잡아먹어요 전에는 풀충전하고 자고일어나면 75정도였는데 요즘은 50아래로 떨어져있음,1,False,
측정 제대로 되지도 않고 잔오류가 너무 많음.,2021-10-19 01:02:59,답답17492,"워치 착용하고 자는데도 측정이 되는 날도 있고
안되는 날도 있고 
수면체크 매일 하려고 쓰는 건데 이렇게 징검다리처럼 되니 쓸 이유가 없네요..",1,False,
오류 아무리 해도 정상안 됨,2021-09-24 16:54:08,최혜영0926,"블로그에 나온 방법 다 해도 안됨
오류 해결 방법은 죄다 영어에
방법 찾아서 해봐도 안되고
엉망 진창임 
이걸 돈 주고 사다니
비추천 합니다",1,False,
팅김현상,2021-01-06 08:38:33,ㅈㄹㄹㅠㄱㅌ,계속팅겨서 지웠다 깔았다 6번째인데 왜 이렇죠??,5,False,
괜찮,2021-10-21 00:07:30,MelanconG,"보여주는 데이터들이나 자는 시간 측정은 꽤 잘 되는데, 한글이 좀 어색한 부분들이 있다",4,False,
유료지만 좋습니다.,2020-02-16 23:03:46,씬영기,저의 수면습관이나 잘자고일는지 알수잇어 좋네요,5,False,
애플워치7 아이콘이 안보인다,2021-10-15 16:06:59,아니 왘,이게 뭐지..? 인간적으로 돈 받았으면 아이콘은 보여야 하는거 아님? 한참 찾다가 격자로 보기 하니까 나오는데 아이콘이 검은색 ㅋㅋㅋㅋ 지웠다가 깔아도 안됨 어이없네,1,False,
수면시간이 너무 안 맞아요,2020-11-23 02:34:51,didtmd,원래 핏빗 쓰다가 애플워치로 넘어왔습니다. 어떻게 측정을 하는 건지 모르겠는데 핏빗을 쓸 때와 같이 똑같은 팔에 차고 자도 수면 측정이 너무 안 맞아요.,1,False,"{'id': 19330224, 'body': '설정에 대해 더 많은 도움을 드릴 수 있도록 appsupport@tantsissa.com으로 이메일을 보내거나 앱의 지원 링크를 통해 보내주십시오. 감사합니다.', 'modified': '2020-11-24T22:50:49Z'}"
정말신기하네요,2019-12-26 22:37:51,이호뎅,사용하고 난뒤로부터 수면의질이 달라졌습니다,4,False,
환경소음,2020-05-26 02:01:38,달콤한하루,"애플워치4에 버전도 다 되어 있는데,
환경소음은 시리즈4이상이 필요하다면서 작동되지 않네요",3,False,
재밋고 정확해요,2020-03-14 01:30:57,싸리촌,"아침마다 수면품질 체크하는 맛이 쏠쏠하고
정확한거같아요",5,False,
오늘 구매했는데 에러뜨고 아무것도 안되네여,2021-01-23 16:39:16,유료앱인데,"환불을 해주시든가
어플을 고쳐주시든가 하루빨리
해결부탁드려요
돈내고 아무것도 못써봤는데ㅡㅡ",1,False,
오토슬립,2020-11-13 16:39:38,콤빈,커피한잔 가격에 수면 측정할 수 있다하여서 다운 받았습니다.,5,False,
정확도가 많이 떨어져요,2020-09-25 02:46:51,한숨이 나옴,5일정도 테스트했는데 2일이나 데이터가 오류나거나 이상하게 측정이 되네요...ㅋㅋ 하 돈 버린듯 기본 아이폰 수면 측정이나 다른 프리어플보다 측정이 부정확합니다 디스플레이가 좋으면 뭐하나요...데이터 자체가 이상한데...비추...,1,False,"{'id': 18121119, 'body': '안녕하세요, Apple의 iOS 14 업데이트에서 iPhone이 Apple Watch에서 캡처 한 건강 데이터를 잃어 일부 사용자에게 영향을 미치는 알려진 문제가 있습니다. AutoSleep 문제가 아닙니다. iPhone에서 Apple Health 데이터를 읽는 모든 앱에 영향을 미치고 있습니다. 제안 된 솔루션에 대한 자세한 내용은이 링크를 참조하십시오. http://autosleep.tantsissa.com/ios14hrbug', 'modified': '2020-09-27T06:34:02Z'}"
돈 주고 산 앱인데 자꾸 에러가 떠요,2020-08-20 05:00:14,김종인 사랑해,어제까진 말짱하게 뜨던 수면패턴이 갑자기 에러라고 사라져있네요..,3,False,
매우 유용하게 잘 쓰고 있습니다.,2022-02-26 02:13:07,gguggugguggu,좋아요,5,False,
환불,2021-08-12 05:28:48,qwjdjejwkbs,"세개 다 사라해서 샀는데 에러만 뜨고 되지도않고 도움말 눌러도 해결도안되고 어쩌라는건지,,, 그냥 돈만 받아가고 아무것도 되는게없네요^_^,,, 가능하면 환불해주세요 안쓸라니까",1,False,
에러가 잦아요. 수면추적이 며칠동안 안됩니다,2021-07-22 16:49:02,홍시정,수정바랍니다..스마트알람도 안되구요,3,False,
도움말안내,2020-10-14 22:21:09,슈퍼마미1004,"도움말 안내가 한국어 설명이 없네요 
그리고 자동으로 수면 상태 측정이 안되나요?! 아니면 수면시작하기 버튼을 눌리고 수면에 들어가야하나여?!",2,False,"{'id': 18550938, 'body': '더 많은 도움을 드릴 수 있도록 appsupport@tantsissa.com 또는 지원 링크를 통해 이메일을 보내주십시오.', 'modified': '2020-10-19T00:10:37Z'}"
요새 들어서 측정이 안돼요 ..,2022-01-20 02:05:58,시닌곤듀,"갑자기 폰 업데이트 하고 나서 끼고 자면 인식이 안돼서 정확한 수면 패턴을 알기 힘들어요 ,,",3,False,
워치를 착용하지 않고있다고 뜹니다,2019-11-07 22:48:16,jihyun_1210,계속 착용하고 있었는데요 .. 아무런 측정도 되지 않네요 .. 기존에 쓰던 어플보다 저렴해서 넘어왔는데 다시 돌아가는 편이 나을 것 같네요,1,False,
구매일주일째 안됨,2022-09-12 09:42:21,렉이 장난이 아니네요,검색해서 별의별 방법을 다해봐도 안되네요. 돈만 날림!!!최악!! 이번에 아이폰 수면 업데이트 할거던데 괜히 구매해서 돈만 날림,1,False,
에러,2021-01-08 01:35:24,요기요짱!,어제 다운받앗는데 에러라뜨고 수면측정이 전혀 안되네요. 오류수정해 주던지 아니면 그냥 환불해주세요,2,False,
측정 오류,2021-10-04 04:19:58,siwjwnwnhjkkala,"실제로 잔 시간보다 몇 시간이 더 기록되어 있는데 왜 이런 건가요?
그냥 누워있기만 해도 잔다고 인식이 되는 건가요?
기능들은 다 좋은데 측정이 이상하게 됐어요 왜 이런 건가요? ㅠ",1,False,
완전 부정확,2021-10-01 22:11:45,지니왜저래,"백신 맞고 12시간 넘게 정신 못차리고 잤는데 ㅋㅋ고작 6시간 수면에 새벽에 잠든걸로 표기... 
자는동안 폰 만진적도 없는데 ㅋㅋㅋㅋ밤새 아이폰 움직임 감지....;;",1,False,
오류개선 좀,2021-07-31 02:06:57,luveat81,"지금 이상해요. 지난 일주일동안 매일 2시간 잤다고 떠요. 아이폰 건강앱하고 맞지도 않고요. 

메일 보냈는데 답이없어서 리뷰남깁니다. 
오류 개선 좀요",1,False,
에러해결이안됨,2022-10-07 23:36:02,사용자'-'001,구매하고 바로 착용하고 잤는데 다음날 아침 확인해보니 아이폰에 읽기권한 없음이라며 에러뜸. 아이폰에서 허용되지 않은 권한은 한 개도 없음. 돈버림ㅠ,1,False,
워치 OS,2021-12-05 01:06:49,개미애용,"워치 OS업데이트 뒤로부터 
측정 이상하고 오류나는거에요
이정도 기간동안 안고치는거면
개발자가 어플 버린거같은데 다들 알아두셔요",1,False,
렘수면 측정이 필요,2021-02-27 00:33:51,먼여행,"앱은 훌륭합니다. 
UI도 직관적이구요. 

다만 수면 질 측정할 때
램 수면도 측정이 되면 좋겠습니다.",4,False,
마음에 들어요,2018-02-14 01:08:29,roaduphill,수면체크에 이만한 어플이 없네요. 애플워치와 함께 쓰니까 더 좋아요,5,False,
일단 구독형이아닌거에서 만족 생각보다 좋은성능에 두 번 만족,2022-04-06 07:23:39,zzxdfn,ㅇㅇ,5,False,
"호흡측정, 소음측정",2021-10-21 10:46:23,아뇽아녕안녕,애플워치 se를 차고 있는데 호흡 측정이 안됩니다. 그래서 어플을 지우고 다시 깔았더니 원래 됐었던 소음 측정도 안되고 호흡 측정은 여전히 안되는데 아떻게 해야하나요?,1,False,
추가 기능 요청,2020-06-14 23:27:08,건돼리리,"개인이 주관적으로, 수면 질을 평가할 수 있는 부분도 추가해주세요 😬.",4,False,
아 진짜 ㅋㅋㅋㅋㅋ,2020-10-21 00:27:38,나ㅓ토라우너맨,아니 아이폰 업데이트 할 때마다 오류가 나면 어쩌자는거?????? 그때마다 애플워치 초기화 해서 재등록 해야함? 계속 에러 뜨는 데 어플을 쓰라는 건지 말라는 건지 ㅋㅋㅋㅋㅋㅋㅋㅋ 돈 아까워 죽겠어요~~,1,False,"{'id': 18631697, 'body': '더 많은 도움을 드릴 수 있도록 appsupport@tantsissa.com 또는 앱의 지원 링크를 통해 이메일을 보내주십시오.', 'modified': '2020-10-22T03:37:32Z'}"
신박함,2022-09-02 04:24:59,sung2kxxi,아직 더 싸봐야겠지만 다 좋다는데 이유가 있겠지...,5,False,
뒷통수맞았다 정말,2021-04-25 00:46:27,aaaaasqer,누워서 핸드폰 보다가 네시에 눈감았고 다섯시간 지나고 일어났는데 수면시간이 평일이랑 똑같다..ㅋㅋ 심지어 수면품질 98점에 수면시간도 7시간이넘는다네 평소에도 잘 맞는다는 느낌은 없었는데 완전 사기다,1,False,
애플워치 꼭 있어야 하는지 몰랐어요ㅠ,2021-02-04 11:42:54,dfgghczswr,"워치가 필요한지 몰랐네요ㅠㅠ
죄송해요 환불해주세요ㅠㅠ",5,False,
만족,2020-02-05 23:45:57,역시좋음,이번에 워치 새로 사서 수면 어플 구매햇는데 개만족스러움. 잘 산듯,5,False,
좋은데 구독취소는 어케해요??,2020-08-30 03:17:47,Djeindmapwm,방법이 없어 문의합니다,5,False,
진동,2022-09-06 00:50:06,SmileUp615,스마트 알람 진동 종류 중 간지럽히기를 선택했는데 계속 살짝 밀기 진동이 울리네요.. 지웠다 깔아봐도 여전히 같은 증상입니다..,1,False,
"모죠? 사기당한 기분 ㅡㅡ""""""""""",2020-06-11 07:35:11,무비정,"연동이 안돼요. 
애플워치사고 유료앱 처음 사서 기대했는데. 
계속 에러만 뜨고 안됩니다. 환불해주세요 
당장요",1,False,
문제가 발생했습니다고 계속 그러네요,2019-12-21 01:46:34,다크10374₩다크,"연결도 다 돼있는데 멀쩡하다가 자고 일어나서 확인하면 문제가 발생했다고 하고 또 멀쩡하다가 문제발생이라고 하고...제대로 측정도 못하겠어요.
환불 가능하다면 환불해주세요.연동도 잘 안되고......",1,False,
방금 앱 결제해서 깔앗는데,2021-11-12 06:13:32,민융깅,"아니,,계속 오류라고 하면서 측정 자체가 안되네요;; 계속 껏다켜보고 설정 다시 해보고 했는데 계속 안돼요;;;",1,False,
리포트 오는 시간을 일정하게 해주세요,2018-11-12 21:38:16,아이타운고,다 좋은데 리포트 오는 시간이 일정치 않아요,5,False,
초기화 시키는 방법 없나요?,2021-11-26 00:21:04,ik8023,싹 다 밀고 새로 기록하고 싶어요.,5,False,
측정이 안됩니다,2019-05-12 12:13:19,다은찡,"차고 자는데도 자동인식이 안돼요
이 어플을 유료인데도 불구하고 구매한건 자동적으로 인식되기때문에 구입한건데 수동으로 해야한다면 사용할이유가 없습니다, 환불해주세요",1,False,
다 좋은데,2021-10-17 11:14:58,레둑짱,코골이 측정도 되면 정말 완벽할거 같습니다!,5,False,
개짜증나네요 에러,2021-03-13 23:12:21,개품타,돈주고 처샀는데 에러 ^^ 모둔거 다허용하고 세번이나 지웠다 다시깔아도 자꾸 에러떠요 진짜 너무짜증나요 시간돌려서 안사고싶어요 하 ㅠㅡㅡ,1,False,"{'id': 21694105, 'body': '더 많은 도움을 드릴 수 있도록 appsupport@tantsissa.com 또는 앱의 지원 링크를 통해 이메일을 보내주십시오.', 'modified': '2021-03-16T22:55:12Z'}"
오류?,2020-02-22 06:46:39,가나다앵,한달조금 넘게 사용했는데 며칠전부터 기록이 안떠요!,4,False,
어이가없네여,2020-11-08 02:22:39,귀요미유,핸드폰하고 애플워치 연동해서 어플쓰다가 애플워치 재설정하고 다운하는데 안깔립니다. 앱스토어보니 다시 설치하라는데 이중결제하란 소린가요.... 해결해주세요,1,False,"{'id': 18985025, 'body': '더 많은 도움을 드릴 수 있도록 appsupport@tantsissa.com 또는 앱의 지원 링크를 통해 이메일을 보내주십시오.', 'modified': '2020-11-09T09:24:44Z'}"
워치 업뎃 후 건강센서 데이터 가져오기가 안됩니다,2020-10-04 15:35:02,의자에앉아서,ㅜㅜ,5,False,"{'id': 18287810, 'body': '안녕하세요, Apple은 최근 iOS 14 업데이트에서 iPhone이 Apple Watch에서 캡처 한 건강 데이터를 잃어 일부 사용자에게 영향을 미치는 알려진 문제를보고했습니다. 공식 Apple 사이트의 지원 링크는 다음과 같습니다.\nhttps://support.apple.com/en-us/HT211865', 'modified': '2020-10-05T20:50:22Z'}"
애플워치가 필수네요?,2020-09-22 22:04:10,걸쨩,저는 애플워치가 없는데 애플워치가 필수로 필요한줄 모르고 다운받았습니다. 어떻게보면 제일 중요한 사항인데 앱스토어 어디에도 애플워치가 필수로 필요하다는건 찾아볼수가 없네요. 환불방법좀 알려주세요.,1,False,
흐음?,2020-06-05 10:42:24,아잉포온크,"애플워치 4 이용자입니다 
혹시 소음측정기능은 안되는건가요? 제가 못찾는 건가요...",3,False,
수면 기록이 전혀 안됨,2020-04-07 23:40:48,오토워치쓰고싶다,"아이폰 11 애플워치 5 사용자인데
일주일 넘게 쓰는데 수면 기록이 전혀 안되요
개발자한테 메일 보내려는데 이 기기는 지원하지 않는다고 메세지 뜨고 보낼 수가 없어요",1,False,
워치용 따로 구매??,2020-05-15 10:02:02,토뤼ㅋ,아이폰으로 구매했는데 워치용 따로 구매하는건가요? 워치에서 앱 다운받으려고하니 구매창 나오네요,4,False,
정말 잘 쓰고 있어요,2019-09-03 01:45:50,cocaray,자세하게 수면 상태를 확인할 수 있어서 좋아요,5,False,
수면 분석해주니 좋으네요,2018-03-29 13:40:34,Tjoinwwko,자동이라 편하고 쓸만한듯합니다!,5,False,
핸드폰 옮기면서 기록 옮기는법 있나요,2020-10-04 04:19:09,고과,아이클라우드 연동이라도 되면 좋겠는데,5,False,
누워있으면 무조건 수면으로 측정됩니다..,2020-08-31 01:45:05,eundidi,"누워서 티비보거나 심지어 핸드폰을 하는것도 수면으로 측정되서 다음날 하나하나 편집해야되요
저만 그런가요..? 이럴거면 수면측정을 하는 의미가 없는거같습니다",1,False,
오류,2020-04-24 15:32:40,2464939291,다른 후기들처럼 앱에서 자꾸 튕기고 폰에서는 에러라고 떠요 다른 어플들은 정상적으로 되는 걸 보면 이 앱 문제라고 생각합니다 환불해주세요,1,False,
수면 어플중 최고의 앱 이네요.,2022-09-28 02:16:52,ㅈ숃ㄴㄱ,"사용하기전엔 내가 얼마나 자는지
잘자고 많이 잔거 같은데 왜 피곤한건지
누구나 다 그렇듯 그냥 그런가 보다 했는데
이 app를 통해 내가 어떻게 얼마나 편하게 잠들었는지
확실히 알수 있네요.
잠들지 안고 쓸데 없이 서성이는것도 줄이게 되요!
가성비 굿 앱 입니다!
굿잡!",5,False,
애플워치랑연동이안되요,2020-10-16 02:53:05,또둉,계속 버퍼링걸린것처럼 뜨고 애플워치에 어플설치가 안되요 어떻게해야하나요 ㅠㅠ 빨리쓰고싶어서 돈주고 산건데 빨리조치해주세요 ㅠㅠ,1,False,"{'id': 18550878, 'body': '더 많은 도움을 드릴 수 있도록 appsupport@tantsissa.com 또는 앱의 지원 링크를 통해 이메일을 보내주십시오.', 'modified': '2020-10-19T00:02:39Z'}"
환불요청,2022-01-24 08:37:28,elrnekrn18,유료결제까지했는데 수면측정은 커녕 아에 연동자체가안되는데 머 우짜란말입니까 그냥 안쓸라니깐 환불해주세요,1,False,
좋아요,2019-06-01 22:29:07,이석진,"어플 받고 첫날 첫 테스트 몇개 기록 실패라고 나오는데
너무 선잠을 자서 인가요..?
여하튼 신기하고 좋아요",3,False,
안맞음,2021-10-28 23:59:19,바그디,왜 육천원이나 주고 구매했는지 이해가 안될정도로 하나도 안맞네요 워치를 11시 넘어서 착용했는데도 10:30부터 수면으로 잡힐 정도로 하나도 안맞아요,1,False,
연결 오류,2020-07-16 18:20:33,wkdghk2010,워치랑 연결이 안 된대요 왜 이래요 워치에선 수면 시간 측정 되도 여기론 안 넘어가고 ; 하라는거 다 했는데 열 받네요 해결 해주던 환불 해주던 빨리 해주세요,1,False,
왜 연동이 안되나요??,2022-01-17 11:51:26,3747585,"에러나서 수면 측정 안됨
인터넷에서 하라는데로 다 해도 안됨
해결 좀 해주세요
돈 아까움",1,False,
수면기록이 안되네요,2022-01-10 14:44:57,schatz_ming,"워치 항상 끼고 자는데 수면기록이 안돼요
리뷰보니까 저같은 사람들 많은데 뭐 좀 어떻게 해주세요ㅠㅠ",1,False,
소음측정,2020-11-27 02:09:10,랄ㄹ라라라랄,제 수면 패턴과 소음이 어떻게 연관 되는지 알고 싶은데 어떻게 보나요?,4,False,
충전,2018-03-14 02:59:14,인레∑,밤에 충전하면 자동으로 수면으로 계산되는 것만 제외하면 상당히 정확합니다.,5,False,
사자마자 오류에요;;; 이거 어떠케해야하나요,2021-11-30 16:52:00,𝚋𝚊𝚋𝚢 𝚌𝚊𝚝,비싸게 주고 샀는데 사자마자 오류입니다 인터넷에서 하라는데로 킬거 다켯는데도 안되요;; 하진짜,1,False,
9시이전 측정이 안됨,2021-07-02 00:03:51,꼬보1,"가끔 피곤할때 일찍 잔다고 8시쯤 자는 경우가 있는데 무조건 9시 취침이라 뜨더라고요.
9시 이전 취침은 취침이라 안쳐주는 건지..??
자러가기 해도 다음날 보니 9시 취침 돼있더라고요.",1,False,
오류 투성이,2021-03-08 08:59:38,Angel's Iphone6,오류떠서 기록 하나도 안되고 도움말은 한국어 버전도 안되고 돈 아까워요...오류 좀 제발 잡아주실래요??????!!!!,1,False,"{'id': 21554488, 'body': '더 많은 도움을 드릴 수 있도록 appsupport@tantsissa.com으로 이메일을 보내주십시오.', 'modified': '2021-03-10T04:28:02Z'}"
잘 사용하고 있습니다.,2022-09-18 03:38:42,seanj44,구독이 아니라 한번 구매라 좋아요!,4,False,
에러가 심합니다,2020-03-28 02:46:33,윤메이트,"하루는 어느정도 되는거 같더니  몇일째 에러로 안됩니다. 별짓을 다했는데도 안되네요
워치 초기화 앱 삭제 하라는데로 다 했는데 안되요
환불 부탁 드립니다",1,False,
한번도 추적이안돼요,2018-05-15 00:17:07,라내,산지 3~4일됐는데 시계를 아무리차고 자도 수면추적이 안됩니다. 시계내에서 수면시작을 눌러야하나요? 어떻게 해야할지..,1,False,
샤오미 미 밴드 비교,2020-11-07 11:59:27,마니는사용중,"샤오미 미 밴드가 보기에도 좋고 편하네요
그래도 쓸만해도 샤오미는  싸고 어플도 공짜인데",4,False,
에러가나서 구매한지 3일째인데 사용할수없어요,2021-01-31 20:10:06,강아지공룡,이런증상 많아보이던데 환불해주세요,1,False,"{'id': 20793018, 'body': '안녕하세요. 설정에 대해 더 많은 도움을 드리고 필요한 지침을 제공 할 수 있도록 appsupport@tantsissa.com으로 이메일을 보내 주시기 바랍니다.', 'modified': '2021-02-01T23:37:27Z'}"
저는 측정이 잘되네요,2021-01-24 08:55:28,눈맘,잘안된다는 분도 계시는데 저는 잘되네요 신기해요,5,False,
처음에 잘 맞는가 싶더니,2021-01-06 02:10:30,JK5442,"처음에 잘 맞는가 싶더니 몇달 쓰자 틀린 부분이 늘어나기 시작함

처음에는 미밴드만큼 성능 보여준다고 생각했는데 지금은 미밴드보다 훨씬 떨어짐",1,False,
아주 좋습니다!,2020-12-23 02:40:54,cjinw8,진짜 신기합니다 수면측정 정확도가 꽤 정확한 것 같습니다,5,False,
👊🏻,2021-11-28 00:13:05,짐금이,더 좋고 더 보기 쉬운 연구 부탁드리겠습니다👍,5,False,
어플 작동이 안되요,2020-02-01 19:32:17,이게무승,카페며 블로그 다 뒤져가며 안되는 이유 찾아서 해결햇는데도 사용이 안되네요 환불은 어디다가 요청해야하죠 땅바닥에 돈 버린 기분이에요,1,False,
iOS16 업데이트 후 수면측정이 안됩니다,2022-09-27 13:38:00,Mrseille JJi,꼭 개선 부탁 드립니다.,2,False,
시간인식을 원래 이렇게 못하나요?,2022-02-07 13:00:33,서니2222,후기좋아서샀는데 기본적인 시간 인식조차 오류나요 4시간밖에못잔날도 무슨 10시간잤다고 뜨는데,1,False,
알람 시간 설정,2021-11-14 04:39:39,모나미-153,"알람 시간 설정을 좀더 편하게 할 수 있어야 해요. 
지금은 너무 복잡해요.",3,False,
소음 알고싶어서 구매했는데,2021-09-05 13:02:36,애옹이야,환경 소음이 궁금해서 구매하고 사용 중인데 소음 측정이 안되네요,3,False,
잘쓰고 있었는데 ios15 업데이트 하고 안되요,2021-09-29 05:58:57,"SeonGyu, Hwang","시계표시에 에러 라고 노란색 표시 떠있고
몇번을 지웠다 깔아도 계속 에러에요",1,False,
데이터는 괜찮은데,2022-09-23 00:30:32,JazzyPhillip,Ui 가 너무 한눈에 보기 어려움,4,False,
잘 쓰고 있습니다,2021-07-08 08:20:18,좋아야호,자세히 보니 제가 실수 했네요,5,False,
지 꼴릴때 측정됌,2022-08-17 06:04:36,징ㅇ미,"아무것도 바뀐게없는데 어제는 되고 오늘은 안되고 그럼 주 3,4회 측정가능^^",2,False,
요즘들어,2021-10-07 07:06:19,가벽이잉,업데이트 후 에러 다 뜨고 측정도 안되고 너무 불편해졌어요 빨리 해결 해주세요.,1,False,
연결이 힘드네요,2021-01-05 15:18:03,aeroms,건강앱에서 데이터를 안가져와요,5,False,
오류가 떠요,2020-11-10 02:40:41,김밥나라우엉공주,계속 오류가 뜨는데 연결문제가 잇다는데 전부 다 해봐도 셰속 뜨네요 이거 어떻게 해야하나요 안되면 환불 부탁드려요,1,False,"{'id': 19033491, 'body': '더 많은 도움을 드릴 수 있도록 appsupport@tantsissa.com 또는 앱의 지원 링크를 통해 이메일을 보내 주시기 바랍니다.', 'modified': '2020-11-11T06:36:48Z'}"
좋아요,2021-02-05 03:07:42,잊이호,다 좋습니다. 혹시 렘수면 측청 기능도 넣어주실 수 있을까요ㅠㅠ,4,False,
수면체크,2018-11-30 01:16:28,제킹,"수면의 질을 체크하고 관리하는대 도움이 됩니다
글자체만 좀더 이뻐지면 좋겟어요",4,False,
너무 잘 사용하고있습니다,2022-04-28 18:58:46,영등동거지,"투잡을 뛰다보니 수면시간이 꽤나 적어서 
어플로 수면 시간 체크하면서 너무 적게 자는날은 
일부러 낮잠이라도 잠깐 자려고 노력하고있어요
저같은 사람한테 꽤 유용한 어플인거같아요
여러명한테 추천해줬는데 다들 만족하는듯해요
감사합니다",5,False,
측정 안돼요,2022-02-06 15:53:33,ywoos,"차고자도 측정 안된다고요
수면시작 눌러야지 측정되는데

누가 이거 누르고 잡니까
피드백 아무리 보내도 고칠 생각 없어요 ?",1,False,
잘쓰고있어요 돈값하네요,2020-10-21 08:18:59,Shelle_91,수면패톤 분석하는데는 최고네요,5,False,
뭔가 많이 부족한 앱 ㅠ 설명부족 ui 직관성부족,2020-10-03 14:05:19,청포도동그르르,건강앱에 있는 수면기록이 더 정확할때도 많아요,3,False,
업데이트 에러,2022-09-26 05:48:22,원탐,업데이트 후인거같은데 측정이 안됩니다 그전까진 수면 측정잘해왔는데 있던 데이터도 사라지고....,1,False,
안되옵니다,2021-02-22 22:16:25,우리집미,애플워치 사자마자 바로 구입했는데 계속 안돼요. 심지어는 수동으로 직접 수면시작한다고 누르고 자도 안된다는 ㅠㅠ,1,False,
잘쓰고있었는데,2020-03-06 11:57:38,okaysin,잘 쓰고있었는데 며칠전부터 자꾸 에러가 뜨면서 측정이 안되요,3,False,
정말 좋은 어플,2020-02-04 08:20:18,찬후빠더,수명 배턴을 알수 있어 너무 좋네요. 신기신기👍,5,False,
무난하게 잘쓰고있음,2021-09-29 01:10:12,게으른나,사실 수면 기록해도 잘안봄 ㅋㅋ,5,False,
좋아요,2022-03-08 04:57:42,지구자구지구구,"맨날 8시간씩 잠을 자도
피곤하고 몸도 찌뿌둥 했는데
깊은 수면은 하루 3시간도 안되더군요...
어플로 측정 좀 해보고 싶었는데 깔끔한 어플 찾아서 만족입니다.
얕은 잠 자는건 해결방법은 모르지만 ㅜㅜ 
매일 측정 하고있어요",5,False,
하나도 안맞음..,2022-09-14 08:52:56,마룩,이번에 워치업데이트되면서 너무 비교됌.. 그냥 기본기능쓰는게 좋은듯,1,False,
에러떠서 돈만먹는 앱이네요,2021-09-25 20:17:40,fhdusu72,환불해주세여 앱 쓰지도못하고 권한 다 허용해도 에러뜨면서 기럭안됌 환불하세요 신고하겠습니다,1,False,
좋습니다,2020-09-13 12:03:21,Echo_WG,좋은데 여러모로 설명이 조금 부족한 느낌입니다.,4,False,
에러,2021-02-18 11:02:10,울지마~~,"“측정된 심박수 데이터가 기록되지 않고.....
Auto sleep에 읽기권한이 부여되지 않았습..”
라는 에러만 뜹니다",1,False,
링보면 5시간보다 좀 덜 잤는데,2022-04-20 23:14:45,귀요미임니다,오늘의 수면에는 6시간잤다고 뜨는데 정상임?,4,False,
워치 6.2 사용자입니다,2020-03-29 07:22:14,고양이짱,"유료 어플이라 사서 실행 했는데
워치엔 적용이 안되네요..
폰에서만 되고 워치엔 설치가 안됩니다
확인 부탁합니다",1,False,
잉,2021-06-09 22:12:49,최갈라파고스,어케쓰는지 첨에는 잘 몰랐음 근데 알고나니까 진짜 편함,4,False,
강제종료,2021-10-28 16:28:21,jel134,잘 사용하고있었는데 계속 앱이 강제종료되서 지웟다 까니까 아예 에러만 뜨네요 언제 고쳐주시나요ㅠㅠㅠㅠㅠ,1,False,
환불해주세요,2021-03-15 14:27:26,배그재미땅,메일보냈는데.. 얼른 환불처리해주세요.. 왜 8천원 결제된건지도 모르겠고 결제한지 하루 안됐으니 얼른해주세요ㅜ,1,False,
야간 근무하는 사람 위한 옵션 추가도,2021-04-03 08:27:47,코로나끝나랑,야간근무하는데 그에 관한 옵션도 추가해줬음 좋겠어요,4,False,
일어났는데 왜 수면으로 체크하죠,2021-01-14 23:31:28,썬니니니니양,누워서 핸드폰보고 일어나서 씻으려고 잠깐 빼놓은것도 수면으로 채크해요.. 정확성이 많이 떨어지네요,1,False,
환불 되나여 ㅋㅋ 이거땜에 유베이스 두번갔다옴,2020-09-10 13:38:49,우잉우우잉,이 앱만 깔면 먹통이 돼서 한번도 사용 못하고 유베이스만 두번 갓다왔는데 환불 좀 해주세요 못쓰겠어요 ;,1,False,
사용법+보는법 한글지원 안되되지만 가치있음,2021-11-25 21:29:57,봄꽃밭,"설명서가 한글에러나며 지원이안돼서 별빼려다가 넘 좋아서 별5개 

유툽으로 1편만보면 설정방법 나와있음

안된다는 사람들은 유툽설명보고 제대로 동작하는지 봐보세요 
설정한번으로 엄청난 정확도를 자랑함",5,False,
결제하고,2021-09-02 08:59:13,여신설화,한번도 아직 못쓰고 있어요 오류 안없어지는데 왜이래요?다시 깔아도 그러고 해결 좀 해주세요,1,False,
적당히 쓸만함,2020-11-11 08:59:56,그렇긔,"단점부터씀
1. 가격이 좀비싸다는 생각이 자꾸듬
2. 그래프 직관성이 구림
3. 번역이 왈도체같음

장점
1. 인식 잘됨
2. 오류는 거의안남
3. 일단 한글지원임",5,False,
애플워치 호환,2020-01-11 01:19:08,ipad용 카톡,정말 좋습니다. 자동인식도 직관적인 것도 정말 좋습니다,5,False,
계속 에러라고 뜨고 안되네요,2020-09-18 00:02:37,왕자누나,수면시작도 누르고 잤는데 워치에서 새로고침하라는데 어떻게 하는지도 모르겠고 되지도 않아요 환불해주세요,1,False,
코골이나 잠꼬대 녹음기능이 생겼으면 좋겠어요,2021-07-02 09:00:06,jhioi4,ㅇㅇ,5,False,
정확하고 잘 썼음,2021-11-16 21:48:55,뀨류류규루루규룰,"근데 이틀째지금 안됨
심박수는 되는데 야만 안되는거임
대체왜? 한달째 잘 썼는데? 너무 정확했는데?",2,False,
환불해주세요,2020-05-21 12:57:49,단잠2,자꾸 오류가 생기고 정확하지 않네요.환불 부탁드려요.,2,False,
오류,2020-11-21 16:12:15,제발알랴주세여,"지금 자지 않았던 시간도 잤다고 표시되고(24시간 잤다고 표시됨) 오지도 않은 내일의 잠을 다 잤다고 표시되는데 앱을 지웠다가 다시 깔고, 핸드폰을 껐다가 켜고, 워치를 껐다가 켜도 안되네요ㅠㅠ 해결방법을 알려주세요",1,False,"{'id': 19274502, 'body': '안녕하세요. 더 많은 지원과 설정에 대한 도움을 드릴 수 있도록 appsupport@tantsissa.com으로 이메일을 보내거나 앱의 지원 링크를 통해 보내주십시오. 감사.', 'modified': '2020-11-23T00:10:29Z'}"
모든 데이터가 싹 날아갔네요,2021-09-08 02:54:48,Baggom,"몇달간 잘 쓰고 있었는데 오늘 갑자기 모든 데이터가 싹 날아갔습니다.
어이가 없어서 헛웃음만 나네요ㅎㅎ",1,False,
귀찮아서 안쓰려고 했는데,2019-12-27 13:07:21,진짜송민우,이건 미쳤음,5,False,
누워만 있어도 수면으로 잡히는 개쓰레기 어플,2021-03-26 03:23:49,루댈,불면증 때문에 8시간 누워있으면 5시간동안 뒤척이는데 다 딥슬립으로 잡히네ㅋㅋ돈아까워,1,False,
수면추적안됨,2021-09-08 00:16:55,뽀또🐭,그럭저럭 괜찮았는데 요즘은 수면 추적도 안되고 잠을자도 기록이 안되있던데 왜그런거죠? 어플 버렸나요?,1,False,
좋아요.,2021-01-17 07:28:58,초이크축,잘 사용하고 있습니다.,5,False,
자동이라 넘모편해여,2018-02-28 02:15:33,델라로사,설정할 것 없이 점들면 축정이라 굉장히 편리합니다,5,False,
애플워치3은 사용안되나요??,2020-11-10 13:12:49,Algml0407?,"얼떨결에 페이스암호설정되서 결제가됐는데
안되네요ㅜㅜ 
애플워치3인데 안되요ㅜㅜ
혹시 바로 환불 안되나요??",1,False,"{'id': 19050471, 'body': '더 많은 도움을 드릴 수 있도록 appsupport@tantsissa.com 또는 앱의 지원 링크를 통해 이메일을 보내 주시기 바랍니다.', 'modified': '2020-11-11T21:41:44Z'}"
감도 설정,2020-10-30 21:54:47,onlykahn,"워치6 에서 수면 측정이 잘 안되는거 같네요
감도 최고로 해도 워치는 안찼다는 부문부문 기록이 되서 
수면측정이 엉망입니다",2,False,"{'id': 18832257, 'body': '더 많은 도움을 드릴 수 있도록 appsupport@tantsissa.com 또는 앱의 지원 링크를 통해 이메일을 보내주십시오.', 'modified': '2020-11-01T22:51:50Z'}"
나름 괜찮네요,2020-01-28 12:02:37,스티브투잡,"절반은 맞고 절반은 아닌 듯
100%로 신뢰는 못하지만 그래도 참고 사항은 될듯",3,False,
자기전에 까먹고 수면 시작 안해도 되서 편함 ㅎ,2021-01-18 06:05:53,말린제비꽃,완전 편함,5,False,
하 고치던가 환불해주던가,2022-01-20 06:03:54,내가 낸데 후,에러 고치던가 ✘발 환불해주던가 이게 뭐임 한국어 업데이트도 안되잇고 어케 쓰라고 에러로 계속 나오는건디;;;;;; 어케 해라 좀,1,False,
언제까지 에러뜨는건가요,2021-10-19 11:45:13,poroll🦋,폰 바꾼뒤로 ios15로 되서 그런지 에러만 뜨고 워치랑 연동이 안되네요. 언제까지 에러만 뜨는건가요?,1,False,
오류,2020-07-03 21:57:44,이곳은보스턴,"심박수 데이터가 기록 안된대요..
오픈 톡방이라도 만들어서
해결 방법을 좀 알려주세요

답답해 죽겄네요",1,False,
저도 이틀째 안되네요..,2021-11-19 21:48:49,어른폰9,정말 좋은앱이였는데... 업데이트 부탁드립니다,1,False,
2주 동안 잘 됐어요,2022-10-06 04:59:34,boxerhj,"그리고 안돼요

2시간 3시간 지멋대로...

아우..5900원 버렸어요",1,False,
어플 작동이 안 돼요,2021-06-08 01:21:40,베비쪼,"며칠전부터 갑자기 어플 들어가도 아무것도 안 뜨고 터치도 안되고, 삭제하려고 해도 삭제도 안 되고 이거 어쩌잔겁니까",1,False,
훌륭합니다,2020-11-28 06:39:41,구우웃구우욷,생각보다 더 정확하네요.,5,False,
좋은 앱입니다,2020-12-25 23:27:27,별다방 김야,수면시간을 집접 입력할 수 았도록 해주면 더 좋을것 같네요,3,False,
돈값하는 어플,2021-09-21 02:28:59,ghkswn,확실히 기본어플보다 좋아요,5,False,
좋아요,2020-08-30 03:39:58,부산꿀주먹,수면 체크 할려고 샀는데 만족 합니다,5,False,
계속에러뜨네요,2020-04-21 03:13:55,또우우,항상 자동으로안되고 에러어서 새로고침눌러주는데 7일째사용중 아에 에러에서 도움말새로고침도 안뜨고 답답하네요,2,False,
애플워치엔 어플이 설치가 안되네요...,2020-08-10 13:09:40,YoonNyoon,왜 안되는거죠??,4,False,
번역이쓰레기예요,2022-01-05 17:20:19,귀로봵,"뭔소린가 했네요
걍 영어로 설정해놓고 쓰는데
잘 못하시는분은 다른거쓰세요",1,False,
워치 연동 굿~!,2020-05-05 12:35:55,Shafran_VC,"워치 2대를 반갈아가면서 사용하다보니
수면 중에도 착용하고 잠을 잡니다.

반년간 사용하면서 나오는 데이터를 보니, 
수면 품질 등 정보가 다음날 활동할 때도 
거의 비슷한 듯 하여 굿굿귯~~!입니다..^_^

[건의] 데이터가 1주일밖에 보관이 안되던데,
사용자가 데이터 보관 기간을 설정할 수 있도록 수정 요망입니다..!!",5,False,
환불해주세요,2021-09-27 04:04:11,ㅠ러져ㅗ어녖,일어나고 뒤척거렸는데 깊은 수면이라고 측정하는 이 앶을 제가 어떻게 믿나요 쓰레기 였네요,1,False,
구매한지 이틀짼데 사용 못해봄,2020-10-07 05:33:57,ㅓ러라아차차이,에러가 계속 떠서 사용을 못해봄 뭐이런 앱이 평점이 이렇게 높나요? 어이가 없네 환불 해주세요,1,False,"{'id': 18360696, 'body': '더 많은 도움을 드릴 수 있도록 appsupport@tantsissa.com 또는 지원 링크를 통해 이메일을 보내주십시오.', 'modified': '2020-10-09T01:14:27Z'}"
만족하며 잘 사용하고 있습니다.,2018-04-14 01:13:24,Shangle,"만족하며 잘 사용하고 있습니다.
좋아요!!!",5,False,
제일 기대한 어플,2021-09-21 12:38:37,なら92,제일 기대한 어플이라 애플워치 사자마자 구매하고 4일짼데 하루도 기록이 안됌.. 돈 날렸습니다...,1,False,
Update 후 작동안됨,2021-03-11 08:18:28,존나작아,애플워치 차고 잤는데 워치ios 업데이트 하고 안됩니다ㅡㅡ 짜증,1,False,
???,2020-11-12 23:34:32,앙구아나,ㅎ활성에너지가 기록되지않거나 앱에서 읽기권한이 부여되지않았다는게 뭐죠?,2,False,"{'id': 19101158, 'body': '더 많은 도움을 드릴 수 있도록 appsupport@tantsissa.com 또는 앱의 지원 링크를 통해 이메일을 보내주십시오.', 'modified': '2020-11-14T03:43:47Z'}"
진짜 돈주고 괜히 샀네,2020-10-27 20:59:13,choijang,"아니 지금 2일동안 차고잤는데
오류라고 뜨고 아무것도 안되잖아
장난하나?",1,False,"{'id': 18795791, 'body': '안녕하세요, 더 많은 도움을 드릴 수 있도록 appsupport@tantsissa.com 또는 앱의 지원 링크를 통해 이메일을 보내 주시기 바랍니다.', 'modified': '2020-10-30T04:42:56Z'}"
오,2021-04-20 16:07:04,남구로,전혀 정확하지않군요 그냥 폰안만지는시간계산해서ㅠ대충알려주는듯 하네요 실망입니다,1,False,
글세요....,2019-12-20 19:42:49,필이이,좋다는 글도 많고 해서 구매 했지만 저 하고는 안맞는것 같네요,3,False,
편리하고 좋네요.,2018-04-01 00:53:32,보리볼볼,시작이런거 직접않해도 그냥 실행되니 좋네요.,4,False,
좋아요~~,2018-09-14 23:50:46,.쟈스민,"수면 패턴 추적에 최적화된 어플입니다
아주 좋아요~~",5,False,
에러,2021-05-09 05:10:30,우식두식,에러 뜨면서 측정이 안됩니다. 건강앱 데이터 접근이나 피트니스 추적 허용 등 하라는 거 다 했는데도요,1,False,
좋아요,2021-09-18 00:53:18,타잔와우,상세항목을 잘 보여줘서 좋습니다.,5,False,
수면앱중 최고,2022-05-27 08:49:44,준랑,최고로 만족합니다용~~~,5,False,
최근취침시간이 반대인듯,2021-02-01 00:08:50,닉맨,"다른건 괜찮은데

최근취침시간만 오전오후가 반대로 표시됨",3,False,
에러;; 환불 요청,2022-08-15 17:09:14,첼ㄹㄹ쳍,"에러나서 앱을 쓰지 못하네요. 
돈 아까워요 환불해주세요.
하...스트레스 진짜",1,False,
질 쓰고 있었는데,2022-02-12 22:28:49,샤를로테님,몇 달 전부터 수면 감지를 못해요. ㅠㅠ 워치를 7로 바꿨는데도 못하네요. ㅠㅠ 하.,1,False,
잘 쓰고있었는데,2021-03-01 07:44:24,ㅗㅋㅋㅗ,폰 업데이트하고 앱이 안켜져요 ㅠㅠㅠㅠㅠ,4,False,
에러뜨고 안되네요,2021-09-29 09:30:57,잠234567,"잠든시간이 다르고 시간만 뜨고 자세한건 에러뜨고 하나도 안나오네요.. 
해결 방법 없을까요?",1,False,
다운받자마자 오류,2021-01-04 07:28:48,ka1081ng,"돈내고 다운받자마자 이것저것 오류입니다.
이메일로 보냈습니다. 해결안되면 환불해주세요.",1,False,
환불,2021-08-28 03:35:20,gdgsi,번들 구매를 위한 환불 부탁드립니다.,5,False,
잘쓰고있었는데 이번주 내내 한번도 작동을 안함,2021-02-27 03:16:12,메가트윈스포,강제로 수면시작 버튼 눌러도 수면분석이 안돼서 이번주 내내 한번도 수면분석을 못했네요.,1,False,
권한이 없어서 안된다네요.,2020-12-12 14:41:58,반가나니댈,권한부여해도 안된답니다 돈내고 쓰는건데 너무한거 아뇨?,1,False,"{'id': 19728845, 'body': '더 많은 도움을 드릴 수 있도록 appsupport@tantsissa.com 또는 앱의 지원 링크를 통해 이메일을 보내주십시오.', 'modified': '2020-12-13T22:44:29Z'}"
왜 에러?,2020-06-21 00:08:37,xoxo_suvely,"애플워치 들어가서 보면 수면시간이 뜨는데
아이폰으로 어플 들어가서 보면 에러났다고 떠요 왜그런거에요?ㅡㅡ",1,False,
앱 삭제,2020-02-27 23:35:40,오메~,어플은 계속 깔려있는데 워치에서는 매일 사라짐 워치상에서 어플 깔아놓으면 몇분후에 사라져있음 왜 그런가요?,1,False,
미밴드 쓰다가,2021-07-29 21:18:08,이거좀해줘1234,워치로 갈아타면서 수면을 체크 할 수 있게 돼서 좋아요,3,False,
왜 자꾸 에러가 나나요,2021-05-25 02:11:56,솢동,수면 시작 누르고 잤는데도 측정이 안되네요; 돈주고샀는데 이러면안되죠,1,False,
저만 이렇나요..,2021-11-14 22:12:30,제리젠당,"애플워치7 사용중인데 어플이거 보자마자 평점보고 바로 결제하고 사용중인데 첫날부터 측정이 제대로된날이없네요ㅠㅠㅠ
9시간을 자도 3시간잤다하고.. 아이폰 기본앱에서는 수면을 제대로 측정했는데 정작 유료앱은 안잣다고 인식 ㅠㅠ
혈중산소포화도도 켜라고 되있던데 아이폰 건강기본앱에는 측정이 다되있네요.. 이어플에서만 설정끈거아니고 4일중 2일만 축정되고 나머지2일은 측정자체가 안됨 ㅜㅜ
혹시... 시계헐렁하게 낀거 아니냐고 하시는데
저는 시계를 엄청 타이트하게 차고다녀서 센서가 인식못할 일은 없습니다
만약 그랬다면 아이폰 기본앱에서도 측정이안되야겠죠...?
여튼 환불 아ㅏㅏㅏㅏㅏ 그냥 던지고싶네요 ㅋㅋ",1,False,
환경소음,2021-06-21 23:16:44,뀨불쥬됻,환경 소음이 안뜨고 시리즈 4 이상이 필요하다고 뜨는데 어떻게 해야하나요..,2,False,
좋은 앱,2021-05-27 03:05:08,미르헌터,쓰기 편하고 기능도 좋습니다,5,False,
수면 기록을 보면서 수면에 대해서 생각해보게 됐다,2021-12-28 23:52:26,Appchemist,감사합니다,4,False,
장난하나요?돈주고 깔았는데 문제만 생기고 고객센터도 없고,2020-09-14 04:36:17,찌모띠모,"어쩌란 말입니까?
돈 물어주세요",1,False,
만족합니다,2020-04-23 16:26:06,구리구리몽몽12,유일하게 워치앱중에 만족합니다!,5,False,
환불해주세오,2020-03-02 02:16:20,노사여니,"계속 오류떠서 어플 진행이 안됩니다
환불부탁드릴게요",1,False,
너무 잘쓰고 있어요,2020-11-19 02:41:12,붕대크리,아주 맘에 들어요,5,False,
돈 받고 팔만한 퀄리티의 앱이 아닙니다.,2021-11-07 18:20:28,야이야이오,"몇일 써본 결과 일단  UI가 쓸데없이 복잡하고 직관적이지  않으며, 어설픈 한글화 덕분에 한글임에도 읽고 있어도 뭔 소리인지 모르겠다. 차라리 영문인게 나을 정도.

또한 가장 중요한 수면 추적 기능이 어설프다.
하루 자고 일어났을 때 리포트 된 수면 시간은 택도 없이 빗나가 있으며, 이걸 수동으로 내 실제 수면 시간으로 수정해 줘야한다.
내가 몇시에 잠들었고 몇시에 일어났는지 일일이 기억했다가 직접 수정해야한다는 말이다.
10~20분 정도 차이가 나면 그러려니 하겠는데, 몇 시간씩 차이가 나니 수정을 안할수도 없다.

수면 추적이 제대로 되지 않는 수면 관리 앱을,
화려하고 허세 가득한 UI로 포장해서 파는 느낌이다.

예전에 샤오미 밴드 4만원짜리에서 기본 제공하던 수면 관리 앱이 오히려 낫다고 생각 될 정도이다.

무료 앱이었다면 상황이 다르겠지만,
이걸 5,900원에(심지어 어느순간 4,900원에서 은근슬쩍 가격을 1,000원 올렸다.) 살만한 퀄리티가 있어보이진 않는다.",1,False,
인터페이스가 구림,2020-03-02 00:24:34,숙면기계,심플하게 눈에 들어와야하는데 복잡함,3,False,
환불요청,2019-09-06 18:03:06,미워,"잠을 안자도 측정이됩니다
환불부탁드립니다",4,False,
환불해주세요,2020-02-05 13:32:05,머리쁜,잘못구입했어요ㅠㅠ,5,False,
아이패드 앱도 만들어주세요,2022-02-18 04:17:16,쑳풇캻,아이패드 앱도 만들어주세요,5,False,
잘 사용하다가 에러 떠서 안됌,2021-09-08 11:50:03,오토슬립에러짱,"설치하고 이틀 잘 사용하고 뿌듯했는데
이후 이틀동안 에러가 안없어지고 인식 못함",1,False,
수면 질 개선에 도움,2021-03-17 23:03:12,스피자이크,수면 데이터를 쉽게 볼 수 있음,5,False,
오류 ㅠ?,2021-09-30 15:34:59,shaunrkls,워치 끼고 자는데도 기록이 안 되요 ㅠㅠ 워치 업데이트 한 이후로 그런 거 같아요,1,False,
데이터에러ㅜㅜ,2020-10-26 22:16:02,ㅠㅠㅠㅠㅠ조으다,전날꺼 데이터 보려니깐 에러나서 안보임. 찾아보니 이런 경우가 있는 사람이 많은듯하네여ㅜㅜㅜㅜ 괜히 삿나봄,1,False,"{'id': 18765600, 'body': '더 많은 도움을 드릴 수 있도록 appsupport@tantsissa.com 또는 앱의 지원 링크를 통해 이메일을 보내주십시오.', 'modified': '2020-10-28T22:06:46Z'}"
놀라우리만큼 정확한 수면계산기,2018-05-19 03:45:28,하하이하여요요,만족합니다,5,False,
애러가 너무 많아요,2021-10-12 23:38:18,ㅇㅇㅇㅇ99,"시계 잘 착용하고 자는데 종종 수면측정이 안됩니다
애러가 너무 잦아요",1,False,
에러에러....,2021-09-29 22:59:11,옌꾸밍,요즘들어 수면기록한거 다 에러뜹니다 해결해주시던지 환불해주시던지 해야할 것 같은데요??,1,False,
정확도는,2021-05-27 23:07:14,종신옹,완전 맞는지는 잘 모르겠고 추이확인용으로 괜춘한듯,3,False,
환불,2020-10-30 16:18:32,jdsjdk,잘못 결제했는데 혹시 환불되나요,5,False,
수면측정 오류가 너무 잘 남,2021-09-20 02:45:16,안그래도아이폰때문에빡치는데,에러나서 안뜨는 날이 너무 많아요,2,False,
좋은거 같은데..,2018-05-22 10:05:56,ilmare0923,아직 사용법을 잘 모르겠다는거..,4,False,
쓸만해요,2021-03-12 23:58:51,Blackmonkeyii,애플워치있다면 한번써볼만한 앱,5,False,
돈 아까움,2021-05-07 05:57:20,이런망쓰,"에러가 떠서 수면기록이
전혀 안되요. 돈 아까움 이런걸 오ㅐ 돈주고 사쓴지 
퉤!!!!",1,False,
환불 요청 합니다.,2020-11-02 14:36:48,추추키,구매 후 에러 발생으로 활용을 못하고 있습니다.,1,False,"{'id': 18882502, 'body': '안녕하세요, 더 많은 도움을 드릴 수 있도록 appsupport@tantsissa.com 또는 앱의 지원 링크를 통해 이메일을 보내 주시기 바랍니다.', 'modified': '2020-11-03T20:56:15Z'}"
에러만 계속뜸,2020-07-06 16:31:34,단트비,"무슨 오류가 계속 뜹니까 
하라는대로 했는데도 계속 오류 오류 오류
그냥 환불해주십쇼",1,False,
조아요,2020-07-16 01:09:26,멜랑꼴리에요,잘쓰고 있습니다 감사합니다,5,False,
평가햇는데 계속 쓰래요 ㅠㅠㅠ,2019-10-18 03:32:55,민쥬니이이이이,글 쓰면 안뜨려나,5,False,
좋네요,2020-09-22 01:28:16,러브핸들00,생각보다 잘 보여주는거 같습니다~,4,False,
안 정확함,2022-03-09 21:58:25,Boramae park,일하고 있는데 잔다고 인식하지 않나 자고 있었는데 일어났다고 인식하지 않나 이 돈 주고 살 앱은 아닌 듯.,1,False,
연결메세지 오류,2018-09-20 10:02:54,뉴도ㅓㅈ,오늘 구매했는데 애플워치 착용한적이 없거나 아이폰과 연결 불안정이라고 나오네여,1,False,
하나도 안맞아요,2021-04-08 01:30:47,인생JAM,"작동원리가 어떻게 되는지 모르겠을 정도로
자기 마음대로 측정하고 정확도는 아예 안맞습니다.
업데이트전에는 잘 썼었던 것 같은데, 어느 순간부터 엉망이네요.

너무 안맞아서 애플워치로 취침시작-취침종료를 눌렀는데도 시간이.... 맞는게 하나도 없습니다.
그래서 폰에 저장된 기본 수면앱에도 정보가 엉망으로 올라와있네요.

빠른 해결 부탁드립니다.",1,False,
연결 오류 메세지가 뜹니다,2018-09-01 04:08:58,미래소녀라나,apple watch를 착용한 적이 없거나 iphone과 apple watch의 연결이 불안정합니다.,1,False,
좋아요.,2018-07-17 09:09:35,저건사야해,잘때 심박수 측정되어서 좋습니다. ㅎ,5,False,
아직 사용전입니다,2020-11-20 13:09:27,강날탱,사용후  후기남길게여,5,False,
처음써보는거라,2020-01-26 08:30:51,오더리사주세요,더 써보고 자세히 적을께용~,5,False,
굿 어플.,2018-04-28 04:56:33,Fnguru,수면 어플 중에 최고인것 같습니다.,5,False,
업뎃이후에 수면 측정이 안됩니다.,2020-10-04 00:03:49,이히힣,잘 쓰고 있었는데 수변측정에 에러가 많네요. ㅠㅠ,1,False,"{'id': 19002544, 'body': '안녕하세요, Apple은 최근 14.2 업데이트에서 ""일부 사용자의 경우 건강 데이터가 Apple Watch와 iPhone간에 동기화되지 않았습니다""라는 수정 사항을보고했습니다. iOS 14.2로 업데이트하는 것이 좋습니다. 추가 지원이 필요한 경우 appsupport@tantsissa.com으로 이메일을 보내주십시오.', 'modified': '2020-11-09T23:15:07Z'}"
돈 주고산 보람이있네요,2019-07-29 04:39:20,지안이아버지,넘나 좋은것,5,False,
환불해주세요,2021-10-12 22:13:39,ㅇㅊㅊ노노켜터초초초ㅗ토노조조노초ㅗ초초영,저번 주에 사고나서 한 번도 제대로 작동한 적이 없는데 환불해주세요,1,False,
갑자기 안됨,2022-07-10 03:01:38,Whgdkdugg,수면기록보니 2주전부터 제대로 인식을 못함,1,False,
쓸만함,2021-10-28 08:50:01,칼라파이,"자동 학습되는거 같아서 좋음.

처음 사용하고 수면 클릭하지않고 사용해도

자동으로 판단해서 데이터 분석해서

결과를 보여 줘서 좋음.",5,False,
에러 좀 어떻게 해봐요...,2021-09-22 17:01:47,반가워요 모두,측정 이미 다 된것도 에러로 사라지게하면 어떡함;;,1,False,
오류떠서 작동안되니 취소바람,2021-03-08 02:08:05,아웃스탕,방금 다운받았는데 애플워치릉 오류 작동안되니 취소바랍니다,1,False,"{'id': 21554497, 'body': '안녕하세요. 시계 설정에 대해 더 많은 도움을 드릴 수 있도록 appsupport@tantsissa.com 또는 앱의 지원 링크를 통해 이메일을 보내 주시기 바랍니다.', 'modified': '2021-03-10T04:29:36Z'}"
좋아요!,2021-09-18 08:36:15,초코케잌아아,관리하기 좋고 편하네용,5,False,
오류 문의,2020-01-20 21:45:44,스네이크박,권한 다 설정 했는데도 심박수 권한 없다고 하는데 어떻게 조치해야합니까,1,False,
기본 아이폰 건강앱보다 떨어져요,2022-02-04 10:48:09,왜죠왜프랑스,안자도 잤다고 나오고 계속 에러만 뜨고,1,False,
정확하지 않음,2021-11-12 03:50:07,동킴,핏빗 쓰다가 애플워치 쓰는데 수면시간 측정이 정확하지 않음,2,False,
굿,2021-02-18 10:41:56,핑거댄싱,서용전이라 뭐가 뭔지 모르겠지만 괜찮을듯,4,False,
에러 떠요,2021-05-28 04:01:12,뚜뚜뚜뚜1111,"돈 내고 샀는데 수면 시간 보려고 하면 거의 다 에러 뜨네요,, 어떻게 하나요",1,False,
한국어 지원 감사합니다,2018-02-09 11:14:35,할만1425,드디어 됬네요,5,False,
하.. 에러 ㅡㅡ,2021-04-18 08:54:05,막땅쓰,에러때문에 스트레스 무슨짓을 해도 안되네요.. 어떻게 해야되나요,1,False,
오류작동,2021-03-15 14:44:46,tjdgmlejdk,좋다고해서 다운 받았는데 계속 오류가 뜨네요 환불받고싶네요,1,False,"{'id': 21694083, 'body': '더 많은 도움을 드릴 수 있도록 appsupport@tantsissa.com 또는 앱의 지원 링크를 통해 이메일을 보내주십시오.', 'modified': '2021-03-16T22:52:03Z'}"
에러가떠요,2020-09-12 13:11:25,박핸댄,"첫날이후 계속 에러
핸드폰을 바꿔도 에러
작동이안되요 환불해주세요",1,False,
환불해주세요 자꾸에러 나서 못쓰겠어요,2020-03-21 11:54:16,땅아야~,계속 지우기 깔고해도 안되요 환불해주세요,1,False,
돈이 아깝지 않습니다,2019-09-19 23:39:23,java update,강추합니다 ㅋㅋ,5,False,
왜 만원이 결제되는거죠?,2020-12-21 03:03:24,jy828200,4900원인데 왜 만원이 결제되었나요?,3,False,
측정안됨..,2020-06-03 23:02:39,오링초이,왜 모든 권한을 허용해도 측정이 안되는건가요 4일째입니다..,1,False,
4500원이 결제됐어요,2019-06-22 12:39:54,아뵤뵤뵶,"3900원 결제되어야하는데 4500원이 결제됐어요
오류인가요?",3,False,
이거 오류 왜케 심해요?,2021-02-18 02:00:46,짜아아으낭,"진짜 리뷰 안적은데 이거 왜 자꾸 오류 나고
몇 시간 지나면 수편 분석해놓은 거 뒤죽박죽되고 
진짜 좋다고 그래서 고민하다가 유료 구매한 건데 전에 무료로 쓰던 다른 어플보다 짜증나서 못 써먹겠어요.
제가 어플 리뷰 쓰는 게 이거일 줄은 몰랐네요.
지금 환불도 안되는데 진짜 다 캡쳐해서 보낼까요.
환불해주든 어쩌든 해주세요.
별 점 주기도 짜증나네요.",1,False,
환불처리,2020-02-25 06:13:58,멋쟁이8637,ㅇ환불가능한가요?어떻게 진행해야하나요? 화불해주세요 제발,2,False,
신기하네요 ㅋ,2018-12-02 00:04:19,디와이에이치앤,매우그럴듯합니다,5,False,
만원,2021-03-25 11:23:08,Mijin12345,"만원결제가됫는데.. 왜그런건가요

아니 연락도안줘짜증나게",1,False,
연결 에러가 떠요,2020-09-13 08:58:21,우키키킷,"건강앱에 권한 체크 다 했는데도 연결이 안되는데
왜 그런거죠?",1,False,
신기합니다,2022-02-04 05:34:31,불의종,정말 측정이 됩니다 신기해요,5,False,
6일째  사용중  어제 기록이 사라졌어요,2021-12-02 23:41:02,wkdkfirjbgaksl,"일요일부터 사용해서 오늘이 6일째 사용입니다
오늘아침 일어나서 어제 수면 체크하는데
수면 시간이 안맞아서 시간 조정하는데
난데없이 그저께 기록된 내용이 사라졌어요
기록에서 날짜 클릭해보면 어플이 강제종료되요  ;;
에러인가요…",3,False,
환불해주세요,2018-02-27 00:54:24,이킬라씨아킬라무,"뭐 하지도않앗는데 다운받고 결제되네
구독 취소",1,False,
여러분 이제 사지마세요,2021-12-11 19:59:32,초코멍멍,에러도 너무 심하고 고칠 방법도 없고 됐네요,1,False,
만족,2020-04-22 01:13:49,뾰미꼬미,약간의 오차는 있지만 그럭저럭 비슷해요. 만족해요!,4,False,
어플이안되요,2021-10-09 23:43:40,슬리포우,수면 측정이 안되는거같은데 빨리 해결해주세요,1,False,
진짜 굿입니다,2020-04-23 01:35:06,가원엄마,추천합니다 베리굿!!!,5,False,
괜찮은 듯...,2020-04-19 00:07:56,dygest,기격도 기능도 좋은 거 같네요...,4,False,
좋아요,2022-02-13 01:37:39,불개미1234,잘 쓰고있습니다,5,False,
굿,2022-02-05 01:17:31,봉몬,조금 복잡한데 좋아여 자세하고,5,False,
구매 했습니다.,2018-11-30 11:56:32,건방돼지,써보고 평가할께요,4,False,
왜 며칠동안 기록도 안뜨고 어플 왜이럴까요,2020-11-14 06:46:06,ㅇ마나,갑자기,3,False,"{'id': 19120079, 'body': '안녕하세요, AutoSleep 6.5.1은 수정과 함께 14 일 토요일에 출시되었습니다. 현재 버전으로 업데이트하면이 문제가 해결됩니다. 추가 지원이 필요한 경우 appsupport@tantsissa.com으로 이메일을 보내거나 앱의 지원 링크를 사용하십시오.', 'modified': '2020-11-16T01:57:29Z'}"
앱의 신뢰성이 의심스러움,2021-02-15 22:44:54,SSINJI14,"이걸 구매하고 사용한 첫 날,
이 날 계속 잠이 안오고 잠자는 약 5시간 내내 뒤척이는 게 자면서도 느껴질 정도로 선잠을 잤었음
하지만 어플은 수면 효율 100퍼센트, 수면 질 80퍼센트라고 되어있었고
심지어 깊은 잠이라고 표시되어있었음...
무료라면 몰라도 이렇게나 부정확한 어플을 5000원씩이나 주고 구매하고싶지 않아서
일어나자마자 어플을 삭제하고 환불요청을 했음.
너무너무 별로임",1,False,
수면관리하기 좋아요,2021-02-10 02:21:34,허개2,수면 패턴관리하기 엄청 좋아요,5,False,
안 잤는데 잤다고 나오는건 뭐예요??,2020-11-12 13:28:26,나나나나나난나나나나,"무료어플 쓰다가 이거 좋다고해서 구매한지 3일째인데요 
오후2시에 안자고 일하고있었는데 수면기록에 뜨는건 뭡니까??? 
불면증이 있어서 수면제 먹고도 겨우 자는데 그마저도 자주 깨요.깨서 시간 보느라 폰도봤고 워치도 켰는데 그 시간엔 또 깊은잠이라고 나오네요 ㅋㅋㅋ 
전 몽유병인건가요??? 
차라리 무료어플이 더 정확했어요. 
환불 안됩니까?",1,False,
에러 답없네,2020-06-27 06:07:11,깡낼,에러라고 온갖 설정 다해보고 맞춰봐도 안되요 환불해주세요,1,False,
좋아요,2020-06-07 07:53:55,한라봉맛귤,기능은 몰라도 신기하네요,5,False,
워치연동이 안됩니다,2022-01-14 19:14:55,함마후,어떻게헤야하나요?,1,False,
저는 왜 연동이 안되는거죠,2020-08-25 04:20:52,비비1234466789,바로 어플 사고잣는데 왜 기록이 안넘어오나요,1,False,
잘사용하고 있어용,2021-05-06 15:07:20,주강은,좋아요,5,False,
"수면 체크x, 스마트알람x",2021-05-14 01:38:00,게임은 좋은데,"다운로드 수도 많고 추천도 많아 
돈 주고 어플 다운받았는데 이제는 화가나요..
수면 체크 제대로 안되는 경우가 너무 많고 
애플 워치 착용 안한채로 잤는데도 멋대로 수면시간 6시간이라고 하질않나..
이제는 몇 주째 스마트알람조차 울리지 않아서 그냥 애플워치 알람 사용중입니다
구입한게 너무 후회되네요",1,False,
일본어로만 나오는데,2017-11-12 08:48:53,도르도무,한시간을 뒤져도 언어 선택창이 없네요. 뭐야 이거,1,False,
에러뜨고 애플워치랑 동기화 잘안되고 짜증나요,2020-09-07 09:01:24,배민우에에게겍,내4900원 부들,1,False,
좋아용,2020-07-09 01:28:17,카프로지아,깔끔 해서 너무 젛음,5,False,
구입하셔도,2019-11-28 00:31:59,E.S Kim,좋습니다.,5,False,
개좋아 진짜로,2020-03-01 05:47:22,호댕잉,무조건 사라,5,False,
수면측정,2021-10-19 05:39:48,timeless9003,너무 안맞는거같아요ㅠㅠ환불해주세여,1,False,
애플워치se 오류가 납니다,2021-03-05 15:55:35,그라스호퍼,어떻게하나요?,1,False,
왜자꾸 시스템에러가 발생하나요,2019-10-18 03:30:31,곧행운이엄마,ㅋㅋ다운받고 이틀만에 시스템 에러가 뜨네요ㅡㅡ,1,False,
저번주부터 안됨,2022-06-30 00:33:33,ㅇㅅㅇ효,갑자기 안되네 이유가 머야..,1,False,
에러,2022-04-06 13:32:44,우웅데,워치랑 연결 잘되어 있는데 자꾸 에러가 뜨네요,1,False,
동기화 안됨,2021-04-15 01:37:29,miyoungg,동기화 계속 안되서 사용 못하고 있음. 환불 받고싶음.,1,False,
좋아요,2022-03-16 06:11:05,럼보늬,신기하게 잘체크함,5,False,
업뎃 이후 워치 인식이 전혀안됨,2022-10-14 10:49:53,newgull,"업뎃 이후 워치 인식이 전혀안됨
개선안하시나요?",1,False,
기대이상,2018-03-26 22:03:50,eucary,애플워치와 함께 좋아요.,5,False,
좋은거 같아요,2021-11-26 23:36:22,궈너너며,기본메뉴 보단 좋네용,3,False,
좋아요,2019-11-05 23:44:48,후니럽01,하루 사용자 정확하고 좋네요,5,False,
별로 실용적이지 않은 것 같네요 ㅠㅠ 환불부탁드려요,2020-09-17 15:52:32,ㅐㅈ아ㅓ어,환불 부탁드려요!,1,False,
너무좋아요,2022-01-11 08:28:11,에제메베,베리귯,5,False,
신기한 어플,2020-01-25 01:13:33,현서 아빠,신기하네요..^^,5,False,
그냥 오류 투성이 어플,2020-12-13 01:10:48,아르라라랑,"쓰지마세요 오류 개쩔어요ㅋㅋㅋㅋㅋㅋㅋ
아 내 돈 아까워라",1,False,
언어설정이 안됩니다,2017-12-14 01:44:43,우앙굿이네,일본어로만 되네요 피드백바랍니다,1,False,
오류만 뜨고 정상 작동 되지도 않네요,2021-10-18 01:10:58,환불부탁환불해주세요,오류만 뜨고 정상 작동 되지도 않네요 환불해주세요,1,False,
오류 뜨는데요,2020-11-02 07:36:43,영123영,심박수 데이터가 기록되지 않는다고요,1,False,"{'id': 18882522, 'body': '안녕하세요, 더 많은 도움을 드릴 수 있도록 appsupport@tantsissa.com 또는 앱의 지원 링크를 통해 이메일을 보내 주시기 바랍니다.', 'modified': '2020-11-03T20:58:53Z'}"
좋아요,2022-01-26 13:56:06,굳ㅁㅇㄹ,더써보고 평가할게요,5,False,
리뷰원래 안남기는데,2020-05-01 11:43:59,Mia💃🏻,"에러라고 뜨네요
온갖설정을 다 해봐도 안되구요
설마 수면시작버튼을 수동으로 눌러줘야
측정이 되는건 아니겠죠?
그렇다면 이 어플을 쓸 이유가 없는듯요
며칠 더 해봐도 안됩니다
환불좀 해주세요 개빡치네요",1,False,
자꾸 튕겨요,2020-04-12 15:17:40,ミカミbijinn,"애플워치에서 자기전에 수면 누르면
자꾸 튕겨요",2,False,
인식,2021-01-06 16:26:32,ddddoood,애가 인식을 잘 못해요 왜그러는거죠??,3,False,
Good,2018-01-04 22:46:40,aaasds,한글 지원이 필요합니다.,5,False,
환불 받을 수 있으면 받고 싶습니다:(,2020-02-24 00:09:39,슈레이,"수면시간이 충분한 편이라 그런지
수면의 질이 좋게 분석 되는 것 같습니다.

하지만 저만 그런지 모르겠지만
수면 시간도 분단위로 정확히 기록 되지않고
분명 엄청 뒤척이며 중간에 깨기도 하고 그랬는데
그 시간마저 깊은 수면으로 되어있더라구요...
분석하는 의미가 없을 것 같아서 잘 쓰게 될지 의문입니다.",1,False,
좋음,2018-09-01 14:26:36,All that Ri,자동측정이라 편리함,5,False,
역대급 ㅂㅅ같은 어플,2022-03-03 19:23:31,악쓰바르 쒸비아르케,아니 ㅋㅋㅋㅋㅋㅋ오류나서 아무것모 못하는데 뭘하라는거냐ㅋㅋㅋㅋ,1,False,
수면측정 안됨,2022-06-28 05:52:15,사용자1342,언젠가부터 워치 차고 자도 수면측정이 하나도 안돼요,1,False,
에러납니다,2020-12-23 02:47:34,ㅁㅁㅁㅁㅎ,이메일로 에러 내용 보냈어요 환불해주세요,1,False,
인식 이상함,2021-11-06 20:16:22,공니밍,"충전해놓으면 수면으로 인식됨
감도조정해도 소용없음",1,False,
자꾸 에러 떠요,2020-07-15 15:23:30,작거7,"애플워치5 사용하고 있고,
휴대폰-애플워치 둘 다 문제 없이 가까이 있고
패스코드도 안 잠겨있었는데
뭐가 문제인지 ㅡㅡ
일주일에 에러만 몇 개가 뜨는지 모르겠어요
유료앱인데 노양심?
이럴 거면 돈 왜 받아요",1,False,
좋네요,2019-12-18 23:28:40,하늘천따지냐,좋아요 좋아요 수면체크 할수 있어서 ...,5,False,
환불받고싶네요…,2022-10-09 14:26:55,ebs 생각보다 너무 별로,"정확도 넘 떨어져요
비싼 돈 날렸네요",1,False,
환불해주세요,2020-04-26 04:54:47,ㅡ..ㅡ..,"누르고 자도, 누르지 않고 자도 측정되지 않습니다. 
환불해주세요..",1,False,
좋아요,2020-03-28 09:32:55,킹캉21,수면패턴도 알고 너무 좋아요,5,False,
환불,2021-07-20 16:32:23,snsndbel,환불해주세요 진짜 1도 필요없는 어플ㅡㅡㅡㅡㅡㅡㅡㅡㅡㅡㅡ무쓸모 별 한개도 아까움,1,False,
수면체크 잘 안됩니다.,2020-04-29 15:46:14,hfhjjih,"워치 차고 자고 아침에 일어나서 수면시간 체크하려고 어플 들어가보면 “에러” 라는 두글자 뜨고 기록은 안남아요
왜 에러가 뜨는지도 모름
그냥 에러래요~
자기전에 에러뜨지 말아달라고 기도하고 자야함

어플은 사용하기도 어렵게 해놔서 무슨 기능이 있는건지도 모르겠고 보기도 어렵고
이거 살바엔 아이스크림을 하나 사먹는게 나음",1,False,
환불 되나요,2020-11-26 11:36:08,gafeuhefakh,저하고는 별로 맞지 않는 것 같네요..,1,False,
밧데리 소모가 너무 커요,2018-05-28 10:30:22,주식회사 식이입니다,"앱은 일주일정도 사용하였습니다
1시~6시30분까지 취침을 하는데
취침 시간은 정확하게 측정이 됩니다
밧데리 소모가 심해  체크를 해보았는데
25%정도 소모가 되네요
그리고 앱 삭제후 밧데리 소모는 2%입니다
지금은 사용을 안하고 있고 빨리 문제점 개선 부탁합니다",1,False,
Good. 기본 앱 보다 좋습니다.,2021-01-18 01:22:16,hyejuncheong,좋습니다.,4,False,
좋아요,2021-04-08 08:19:14,samsigy84,수면 체크 되니깐 참 좋아요!,5,False,
쓰래기앱,2021-04-05 00:04:27,막나르,교대 근무자인데 오전 취침시간 설정 없음.,1,False,
좋아요~~,2020-06-05 22:26:05,잇츠미미미아이율,아침마다 확인하게 되네요 좋아요!,4,False,
좋음,2018-02-16 23:44:50,ds4qge,좋음. 근데 설명이 부실.,5,False,
좋네요,2018-03-18 02:35:45,에뤽이라라라,수면측정해서 보니 좋네요,5,False,
산지 이주 됐는데,2021-10-25 06:19:10,설탕탕탕,자꾸 에러나요 돈 아까워요,1,False,
수면 정보 자세합니다,2022-10-14 10:12:17,구름꿀꺽,굿굿,5,False,
오류 좀,2022-10-15 02:55:08,마요오,7500원인데 오류로 측정 안됨 캉받네,1,False,
최고어플,2021-01-04 04:09:07,요의꾸,좋네요,5,True,"{'id': 19680483, 'body': '시계와 iPhone을 연결하는 데 더 많은 도움을 드릴 수 있도록 appsupport@tantsissa.com 또는 앱의 지원 링크를 통해 이메일을 보내주십시오.', 'modified': '2021-01-04T04:09:07Z'}"
갤럭시워치 쓰다가,2021-01-05 14:26:20,별명적을때냐,"폰 바꾸면서 애플워치로 갈아탓는데
우선 기본적으로 수면추적 앱을
지원안해주고 돈주고 이런앱을 받아야된다는게
너무 어이없고
수면시간이 너무 부정확합니다
보정을해도 맞는 시간이 없을 정도로...
갤럳시 워치는 정말 정확하고 기본적인 앱도
지원해주는데.. 돈내고도 부정확하네",1,False,
정말,2022-07-31 06:00:19,우르꽝꽝,정말 유용합니다,5,False,
정말 좋아요,2021-07-06 01:54:15,귀요미용원이,나이스,5,False,
계속 오류,2020-10-29 05:37:39,Eㅣㅣa,"유료앱을 한번도 사용해보지 못한채
오률메세지만 뜨네요
환불해줘야하는거 아닌가요?

안내대로 대 체크해봐도 문제없고
오류 메일 보내도 조치가 없고
이 앱 사기 같아요",1,False,"{'id': 18832341, 'body': '더 많은 도움을 드릴 수 있도록 appsupport@tantsissa.com 또는 앱의 지원 링크를 통해 이메일을 보내주십시오.', 'modified': '2020-11-01T23:06:07Z'}"
잘못다운받았습니다.,2020-08-30 14:49:01,금산 폭군,환줄요청드립니다.,2,False,
환불하고 싶어요,2021-09-13 07:27:32,가나다라맘,"에러가나네요
환불하고 싶습니다.",1,False,
오류,2021-09-01 05:48:59,꽁리니,돈주고 샀는데툭하면 오류남 ㅡㅡ,2,False,
애플워치 착용즁인데,2020-09-25 13:42:13,ㅇㅇ모엄,왜 측정이 안될까요ㅠㅠㅠ,2,False,
하나도맞지않이..,2020-06-18 23:50:12,피카추피카카,하나도 맞지않아서 너무당황스러움 ...,1,False,
수면 측정이 안되요ㅠㅠ,2020-10-02 05:07:30,주쥬ㅠ즈주주,수면측정 아예안되는데 원래됬었는데 왜이러쥬ㅠ,1,False,"{'id': 19002593, 'body': '안녕하세요, Apple은 최근 14.2 업데이트에서 ""일부 사용자의 경우 건강 데이터가 Apple Watch와 iPhone간에 동기화되지 않았습니다""라는 수정 사항을보고했습니다. iOS 14.2로 업데이트하는 것이 좋습니다. 추가 지원이 필요한 경우 appsupport@tantsissa.com으로 이메일을 보내주십시오.', 'modified': '2020-11-09T23:18:00Z'}"
좋아요,2018-11-14 01:26:15,빠마22,처음 써보는데 신기함! 굿!,4,False,
정말 좋습니다,2021-11-26 00:02:33,멍멍캣,정말 좋습니다,5,False,
추ㅏ침시간이,2021-07-08 02:48:08,스리아빠,취침사간이 잘안맞네요,3,False,
좋아요,2021-01-03 00:54:16,튕김자제좀ㅠㅠ,듣던대로좋습니당,5,False,
굿,2020-02-22 07:08:18,머야이거중복계속뜨노,굿 다른어플도 한글지원되면 좋을텐데....,5,False,
좋아요~!!!,2020-01-18 00:20:46,잠실동 쌍코피,좋습니다~!!!,5,False,
좋네요.,2022-05-11 23:11:08,Minerva@Earth,좋은앱.,5,False,
좋아요,2018-11-09 11:47:28,sweetAngs,한글로도 나오고  좋아요,5,False,
측정이 안됨,2020-11-14 02:26:35,dodofo7125343,환불해주세요ㅡㅡ,1,False,"{'id': 19112169, 'body': '더 많은 도움을 드릴 수 있도록 appsupport@tantsissa.com 또는 앱의 지원 링크를 통해 이메일을 보내주십시오.', 'modified': '2020-11-15T08:12:23Z'}"
잠을 안자도 수면측정이,2018-04-08 18:46:45,날이이,"잠을 안자도 수면 측정이 되네요 누워만 있는건데...
그렇다고 편집을 하려고 해도 다 안되고
워치를 차고 있고 서브폰으로 영화보고 나면
수면측정을 해버리네요ㅜㅜ
아예 편집을 다 할수 있게 사용자가 잔시간을
직접 입력 할수도 있게 하고 지울수도 있게하면 좋겠네여",1,False,
수면시간측정이안돼요,2021-11-23 02:14:39,judy_613,어느순간부터 수면시간 측정이 안돼요,1,False,
에러,2021-01-29 03:19:16,seungw00,잘 사용하다가 요즘 자꾸 에러 발생,1,False,
안돼요,2020-05-25 07:54:09,네엥ㅇㅊㅊ,"안돼요 
애플워치 차고 수면하기 눌러도 아침에 안돼요",1,False,
오류,2022-01-18 12:16:40,이초밥21,정확도가 너무 떨어져요,1,False,
하나도 안맞아서 지워요,2021-04-27 01:11:03,WishOnAStarHS,돈 아깝네요..,1,False,
신기하네요~~~^^,2018-02-15 00:26:11,가투신,와~~대박 신기하네요~~~,4,False,
애플워치랑 연동이 안되네요..,2020-08-30 13:26:03,이지리지,애플워치랑 연동이 안되네요....,1,False,
계속 데이터 에러나요,2021-11-13 21:42:00,맹팅,"ㅇ게 수면 품질 저장하나도 안되고

왜구입했는지
모를이네요

싼것도 아닌데",1,False,
잘 사용합니다,2021-03-10 01:29:57,JD723s,좋습니다,3,False,
좋아요,2022-03-28 20:28:17,열라차케,측정 잘되고 좋아요,5,False,
좋아요,2020-10-28 00:03:00,clcleh123,새로운 경험,4,False,
오류,2022-05-04 00:22:33,민현여친자몽,오류 너무 많음 작동이 안 됨,1,False,
최고입니다,2021-07-04 00:24:26,호우로우미어,짱짱,5,False,
다운도 안되요 ....,2020-06-25 12:22:29,요닝요닝92,돈날렸어요,1,False,
어레 6/ 버그가 너무 심해요,2022-07-16 16:48:39,지민두,버그가 너무 심해요,1,False,
조아요,2022-10-10 11:16:39,이릿샤,좋습니다,5,False,
에러떠요,2022-01-13 00:08:18,감자별님ㅇㅇㅇㅇ,수면측정이 전혀 안돼요,1,False,
작동이 안되요,2022-01-28 01:36:42,나므르,작동이 안됩니다,1,False,
만족합니다,2020-02-04 14:58:10,kimggamagu,만족합니다,5,False,
굿,2021-10-16 01:43:44,skncjsiskfk,생각보다 괜찮아요,5,False,
좋은가요,2020-12-10 01:32:38,온라인링크,좋은듯 ㅎ,5,False,
이번주 기록 하나도 안 됨,2020-10-29 13:46:58,rnever,이번주 기록 하나도 안 됐어요,1,False,"{'id': 18832328, 'body': '더 많은 도움을 드릴 수 있도록 appsupport@tantsissa.com 또는 앱의 지원 링크를 통해 이메일을 보내주십시오.', 'modified': '2020-11-01T23:04:42Z'}"
에러..,2021-10-06 23:11:58,이내복,"에러떠요..
환불주세요 안쓸래요",1,False,
좋습니다,2018-08-22 23:25:40,서면예일,좋습니다^^,5,False,
에러,2021-06-05 22:07:46,밍고쓰,어플 들어가면 그냥 에러만 뜨네요,1,False,
어려워요,2021-03-14 01:42:43,kimjsung,너무 복잡하게 되어있어요,1,False,
안되네요,2019-10-26 20:54:52,봉봉디,워치랑 연동 안되는듯 환불요망,1,False,
인식불가,2021-01-14 00:10:34,답답쓰으,왜 수면인식이 안될까요..?,1,False,
환불요청!!,2020-04-26 22:54:20,슈비아나공주,"자꾸 에러 떠요 
안돼요!! 환불환불",1,False,
돈주고 산 걸 후회해요,2021-04-27 16:03:45,ㅠ으야으냐ㅠ,에러 맨날 뜸,1,False,
좋습니다,2021-10-21 07:00:26,siwdo47,좋습니다,4,False,
개좋네.,2019-10-12 15:16:48,거스히딩크킄,시부레,5,False,
환불해주세요,2020-12-03 11:52:37,호히히리리리리릿,환불해주세요,3,False,
좋아요,2021-05-02 14:49:33,agacbyekdm,굉장히,5,False,
아주좋아여,2021-03-08 22:26:14,이돌람바9,아주좋아요,5,False,
좋아용,2020-11-20 04:17:14,서지서엉,좋아용가리,5,False,
에러,2021-10-20 01:14:39,니가테,에러가 자주 뜨네요...,2,False,
굿,2021-08-28 09:08:53,홍이꺼당,굿 좋아요 수면 츄적 잘하고 좋아요,5,False,
대박,2018-04-10 18:36:22,고드람,굿굿입니다,5,False,
결제,2021-08-26 03:51:17,hhhhhwww1627,왜 만원이 결제된건가요?,1,False,
개좋음,2018-12-16 06:29:13,적당하군,ㄹㅇ,5,False,
기록,2021-01-25 11:38:31,밍1004,수면 종료후 기록이 안돼요,1,False,"{'id': 20670014, 'body': '더 많은 도움을 드릴 수 있도록 appsupport@tantsissa.com 또는 앱의 지원 링크를 통해 이메일을 보내주십시오.', 'modified': '2021-01-27T01:22:29Z'}"
작동이 안되요,2022-01-28 04:11:57,나미리sk,작동이 안되요,1,False,
굳,2018-10-25 23:04:15,굳굳이에여,너무좋아요,5,False,
굿,2018-04-09 18:36:43,ohjehoon0410,별이 다섯개!!!,5,False,
젛른,2019-11-08 05:26:23,kwonyg,좋음,5,False,
오류뜸,2022-04-15 05:23:07,안주잉고백,전 날 기록 안 뜸,1,False,
죠아요,2020-04-18 23:57:05,다훈이가,죠아요,5,False,
Good.,2021-04-07 22:38:23,크헐헐하하,제곧내,5,False,
좋아요,2020-12-06 14:11:18,구름0606,아주 좋아요,5,False,
Good,2020-09-09 22:13:10,Good job!!?!?!!?!$!?!',so~ so~,4,False,
좋긴 한데,2018-09-12 08:28:04,니나노제이피,"I just bought this app couple hrs ago so I need more days to test my sleep patterns. Personally, I think it looks little complicated to new users. Some graphs look difficult to understand what they are exactly meaning. Some graphs are long, some of them are wide, some of them are thin and short. If you just look at those graphs without thinking. It gets me confused. BUT! I can tell this is a nice app to use and to improve my sleep patterns. Thx",4,False,
Wee,2018-12-07 21:24:22,Orionfox,Eueeu,5,False,
좋아요,2018-09-10 23:49:37,kukparty,",",5,False,
좋아요,2022-04-02 02:51:26,인씃하싸쥬,좋아요,5,False,
좋아요,2021-04-10 06:01:09,sgainjn,좋아요,5,False,
조음,2020-08-19 02:02:29,굿쓰뜨린ㄱ,조음,5,False,
👍,2020-11-29 22:07:03,애플워치도!!,👍,5,False,
좋아요,2020-05-31 15:41:15,nroom30,좋아요,5,False,
좋아요,2020-04-16 01:18:46,holeman5012,좋아요,5,False,
굳,2018-11-23 18:01:01,해보단달,Goooood,5,False,
좋아요,2018-11-24 21:14:15,평민11,좋아요,5,False,
굿,2021-06-25 18:20:29,채니1111,잘쓰께요,5,False,
좋아,2020-02-29 23:21:19,슬립나이,굿,4,False,
Good,2020-12-30 01:08:28,Archurb,"It is a good app to help me sleeping well. UI seems OK relatively. However it is required more clean and pretty look. It is also required to adapt apple watch UI. When I look at my watch, its UI doesn’t look well like iphone app.",5,False,
굿!,2020-10-02 01:00:44,JeremyKim96,좋아요,5,False,
체크,2022-01-16 18:38:40,김유환,"매일 애플워치를 착용하고 자는데 체크가 안된날들이 있습니다 ㅠㅠ 제 생각에는 아이폰 어플을 안들어가고 애플워치로만 수면 기록을 해서 기록이 업데이트가 안된걸로 보여요.. 다시 불러 올 수 있는 방법은 없나요?? ㅠㅠ

I wear an Apple Watch every day, but there are days when I can't check it. ㅠㅠ I don't think the record hasn't been updated because I didn't use the iPhone app and only recorded my sleep with the Apple Watch. Is there a way to bring it back? crying",3,False,
A helpful app,2021-06-20 02:48:32,Antman2154,It tracks how you’re sleeping so it gives an insight how well the sleep was. This gives an idea what is needed to do in order to get better sleep.,5,False,
굳굳,2022-05-18 00:01:14,헿헤헿헤,굳굳굳굳,5,False,
apple watch user,2021-01-28 16:18:20,Claude Monet :),I use iphone7 and apple watch6. Despite my high expectations the app has not been able to record any of my sleep patterns although I wore my apple watch properly and pressed the start recording button before going to sleep. Hence I request for refund.,3,False,
조아요,2020-10-25 21:06:45,하늘민재,굿,4,False,
좋아요,2020-08-04 01:47:51,보광셀,굿,5,False,
굿,2020-07-11 08:21:44,구매내역 삭제요망 ..,좋아요,5,False,
굿,2020-02-07 02:49:24,ffangya,뜨,5,False,
It is good for check sleep,2018-02-21 11:57:26,씨씨로,"Everything is good, but could you change the color of each ring? Not good for visible and identify",5,False,
disappointed,2021-09-11 21:35:41,ㄱㅅㅁㄹㄱㄴ,"I've tried all the solutions you recommended due to persistent errors, but it still continues. I don't know what to do anymore, and this only filled me with disappointment. I hope it will be reflected in the next update. The evaluation was good, but it's a pity that I couldn't enjoy it properly.",1,False,
"Good, but too many errors",2021-09-12 03:59:04,ejbdjxia,"I always wear my Apple Watch when I sleep, but an error that cannot measure sleep time occurs.  That's about 3 times a week.  The frequency of errors is too high",3,False,
Good,2018-05-29 08:42:18,skfnjdos,Very good and I can check all the information during sleep,5,False,
top of the sleeping app,2020-06-16 04:26:44,고퍄ㅓ와,The greatest of my life. This app makes me awsome life. Plz check your sleep cycle. and then change your life.,5,False,
Bye...,2020-06-22 18:19:11,이이리히ㅠ,"It was a pleasure to use this app
i’ve just downloaded watch os 7 profile",5,False,
How can I change the language from Japanese to English?,2018-01-01 16:28:34,제발중복되지않는별명,"I want to set it to be Korean, but it just works with Japanese.
When I change the initial watch setting to be English, the app goes English too. But it comes back to Japanese when I set my watch to be Korean again.",1,False,
Good,2020-02-26 00:04:21,cony777,👍👍👍👍👍👍👍,5,False,
Great app,2022-09-15 02:11:46,Spareus,Really enjoying all the insights. Great app. Well done!,5,False,
It is not working,2017-05-09 21:00:09,gibshy,"I have almost spent 5 hours in order to run it. Nevertheless i followed your guide (Reinstalling, checking permission and re-repairing), it is not working. Terrible experience. I want to get refund.",1,False,
좋은편,2020-04-16 22:28:57,Nergul,"일단 애플 워치로 데이터 확인이 가능해서 좋음.
한눈에 보기 편함

그러나 이러한 데이터가 무엇을 의미하는지 설명은 좀 부족한 편.

First of all, it is good to check the data with Apple Watch.
Easy to see at a glance

However, there is not enough explanation for what this data means.",4,False,
good to use,2017-04-24 23:36:15,HB_hubby,"i wouldn't say this app is super user friendly but it does what it should do. i used many other sleeping apps. out of them, this was the best",4,False,
Good !,2018-02-18 16:39:50,Jihyeon Ha,This app is so nice ! Thank you.,5,False,
👎🏻👎🏻👎🏻,2021-09-12 11:48:21,JUYAA_,"The analysis data is not correct. What a waste of money. Give me my money. Sleep analysis is performed without sleeping. I slept, but I can't analyze my sleep.",1,False,
Good App for Applewatch User,2020-01-06 04:40:40,티모학,개좋음,5,False,
How to set Language?,2017-11-21 15:03:17,나오에야마토,"The language of app has be set Japanese. 

What is how to set English?",2,False,
Good,2020-01-20 14:55:29,쪽팔려,good!,4,False,
good,2021-07-07 01:12:50,loonmoo,good,5,False,
good,2021-05-19 03:03:28,sinbilegal_da,good,5,False,
good,2017-09-02 02:53:58,goorijjang,good,5,False,
ㅋ,2020-06-25 03:27:37,으냐느나트눝,ㅋㅋ,1,False,
Good !!!,2018-11-27 22:24:56,평촌동둘리,Thanx ~,4,False,
은근 오류잘남,2022-06-20 23:00:29,아뭐하지이,ㅇㅇ그러함,4,False,
Good!,2018-12-15 02:59:33,김병권,Good!!,5,False,
굳,2022-04-30 06:44:29,뀨223232,굳,5,False,
굿굿,2022-09-20 10:18:04,굿굳베리굿굳,굿,5,False,
굳,2021-05-08 18:28:45,하리망,굳,5,False,
굳,2020-01-17 13:09:22,Rdevnoah,굳,5,False,
goooood,2021-09-02 05:06:53,누가라등럭,👍,5,False,
굿,2022-04-16 01:46:24,깐깐한깍쟁이,굿,5,False,
굿,2018-12-13 07:51:14,황제엠퍼러,굿,5,False,
굿,2018-02-20 04:13:45,강 영웅고객,굿,5,False,
Make wizet plz,2022-02-19 01:39:31,핀개좋아,Wizet Wizet Wizet Wizet Wizet Wizet Wizet Wizet Wizet Wizet Wizet Wizet Wizet Wizet Wizet Wizet Wizet Wizet Wizet Wizet Wizet Wizet Wizet Wizet Wizet Wizet Wizet Wizet Wizet Wizet Wizet Wizet Wizet Wizet Wizet Wizet Wizet Wizet Wizet Wizet Wizet Wizet Wizet Wizet Wizet Wizet Wizet Wizet Wizet Wizet Wizet Wizet Wizet Wizet Wizet Wizet Wizet Wizet Wizet Wizet Wizet Wizet Wizet Wizet Wizet Wizet Wizet Wizet Wizet Wizet Wizet Wizet Wizet Wizet Wizet Wizet Wizet Wizet Wizet Wizet Wizet Wizet Wizet Wizet Wizet Wizet Wizet Wizet Wizet Wizet Wizet Wizet Wizet Wizet Wizet Wizet Wizet Wizet Wizet Wizet Wizet Wizet Wizet Wizet Wizet,5,False,
와 돈아까워;; 에러 씹오지넹,2022-07-09 05:59:37,JungyAma,뭔 에러가 계속 뜸?? 네이버 다 뒤져도 해결 안됨ㅋㅋㅋㅋㅋ,1,False,
너무 좋아요,2022-04-19 09:47:10,급행견토,수면감지 보정 잘 맞게 해두면 낮잠 조는것까지 다 기록되네요 가장 좋은건 얕은잠일때 애플워치로 진동오면서 깨워주는 기능이에요 워치있으면 수면앱은 이게 찰떡임,5,False,
수면측정오류,2022-04-26 17:26:24,시츄감자,"안잤는데 잤다고 측정이 돼요
워치차고 일상생활하고 학교 다녀오고하는ㄷ 다 잤다고 뜹니다 해결방법 알려주세요",2,False,
눈감고누워있어도 수면으로 인식됨,2022-04-08 04:27:13,잘생긴황치열,ㅠㅠ,4,False,
기능은 좋은데 한글화가 어색함,2022-03-17 22:52:23,별명을 뭘,"한국어로 보면 어떻게 쓰는건지 전혀 알 수 없음
오늘 아침에 (이름)웨키웨키 (이름)웨키웨키 하는 알람 울리는데 악마의 속삭임인줄 알았음

워치용 알람앱도 같이 구매해서 사용중인데 둘 사이 연동이 잘 안됨 알람을 각각 켜야 함",4,False,
좋옴,2021-06-12 08:06:22,lllllliiiiillliiillllii,잘쓸께욧,4,False,
땅짱맨 매우 달다,2022-03-10 22:38:20,짱인혁,ㄹㅇㅋㅋ,5,False,
낮잠 자는건요?,2022-02-16 03:20:25,syilng,낮잠 자는건 수면분석이 어려운가요?,5,False,
측정안됨,2022-01-28 15:31:03,tlstlsl,최근들어 걍 워치 아무리 차고 자도 측정 자체가 안됨,1,False,
좋아요,2022-01-16 04:10:05,척척박사이박사,"꽤나 정확하고 좋아요 수면시간, 수면 중 소음, 맥박수, 혈중산소포화도",5,False,
어그제부터에러만뜹니다,2021-11-23 13:58:43,CCH0128,"어그제부터에러만뜨고아예정보안뜹니다
구매한지일주일도안됐는데이제뭔지",1,False,
에러,2021-11-05 23:34:42,짲응화가난다,돈주고산건데..워치 맨날끼고자는데 왜 안낀거마냥 측정이안되죠...?,3,False,
걍 깔아두세요,2021-10-19 01:02:41,데미안허스트,엡 깐거중에 걍 젤 만족합니다 와치 손목에 채우고 자면 자동으로 다 체크 되고 통계 내주고 다 합니다,5,False,
수면측정오류,2021-07-14 22:47:29,rrrrnrn,또 수면측정이 연동이 안되는ㄷ 수면중에 핸드폰을 켜놔서 그런건가요? 제가 유튜브를 틀어놓고 자는데 그거랑 상관이있는ㄱㅓㄴ가요?,2,False,
수면관리 앱들중 독보적이에오..,2021-06-18 01:10:10,내말대로수정해당장,"정확하고 배터리소모도 적고 렘수면 논렘수면 파악도 상당히 정확하구오
후회 안하실듯",5,False,
워치 기본 수면앱은 측정에 좀 모자라,2021-03-07 19:44:30,daikada,워치 기본 수면앱은 측정이 들쑥날쑥하고 정해놓은 시간안에서만 측정이 되서 다소 정확하지 않았는데 이앱은 따로 설정없이 워치만 손목에 차고 있으면 암때나 다 측정해줘서 놀라움,5,False,
수면 시작과 끝이 맞지 않는데 분석을 어찌 신뢰하죠?,2021-05-13 00:11:49,appbox,수면시간도 못 맞추는데 그 안에 깊은 잠과 얕은 잠 측정을 어찌 믿나?,1,True,"{'id': 18550882, 'body': '더 많은 도움을 드릴 수 있도록 appsupport@tantsissa.com 또는 앱의 지원 링크를 통해 이메일을 보내주십시오.', 'modified': '2021-05-13T00:11:49Z'}"
기괴함,2021-05-09 02:01:39,Heaux_jh,"도통 알아들을 수 없는 설명과
측정이 된걸 도대체 어떻게 설명해주는건지

갤럭시랑 기어쓸따보다 형편없음
아이폰이랑 애플워치가 형편편없는 물건인지",1,False,
너무 별로에요,2021-04-02 12:53:19,endidksnckns,"타사 배게 쓰다가 이 유로버젼이 싸길래 사서 써봤는데 🤦‍♀️
일단 잠자는 시간 측정이 너무 불명확해서 무조건 들어가서 확인해야 해요 이게 젤 불편..
전에 쓰던 앱은 잠든시간 일어난시간 정말 정확했거든요 이건 정말 실망스러웠고
캘린더도 월별로 보기 전에 일별로 들어가서 하나하나 로딩 시켜줘야 뜨고😂
답답해서 갈아탑니다 사시려는 분들에겐 비추에요 완죠니",1,False,
애플워치 사고 깐 앱 중 가장 만족하는 앱,2021-02-22 22:43:58,포로리^^7,이걸깔고 내 수면습관이 엉망인걸 알게 됨,5,False,
수면패턴 파악 및 습관 형성에 도움됨,2021-01-23 20:54:29,scottyoon300,수면패턴 매일 확인(iWatch 5사용) 및 수면 습관 형성에 일일 시간별 상태를 꽤 세분화해서 보여주기에 도움이 많이 됨,5,False,
good,2020-12-19 11:28:31,Luibanana,gôoooooooooooood gooooooood,5,False,
자고자도 피곤한 내삶,2020-11-09 03:32:05,sdsson,"잠을 자고 피곤하고.. 먼가 덜잔 느낌...
제 잠버릇이 심하다는걸 알았고.. 깊은 수면에 도달하지 못한다라는것도 알게해주셨어여..ㅎㅎ
감사합니다!!",5,False,
백수일때 샀으면 정말 최고였을듯...,2020-02-12 03:59:34,김도로롱,하필 취업하고 애플워치를 구입해서 수면품질이 거의 최악이더라구요... 쉬는날에는 푹자니 수면 지대로 자고.. 백수일때 사서 측정했으면 진짜 수면품질 최상으로 나왔을것같아요...언젠가는 일주일내내 최상으로 볼수있는날이오겠죠..?감사합니다,5,False,
개발자는 빠른 업뎃과 보상을 하세요.,2020-10-31 05:21:54,Tei88,"개발자는 보세요. ios14부터 버그가 있는건지 수면품질을 측정을 못하고 오류만 납니다.이미 유료그매를 한 사람에게는 어떤 보상을 해줘야 할 것입니다.

Look at the developer. I can't measure the quality of sleep since there is a bug since Ios14 and there is only an error.We'll have to give some reward to the person who already made the payment.",2,False,"{'id': 19002987, 'body': '안녕하세요, Apple은 최근 14.2 업데이트에서 ""일부 사용자의 경우 건강 데이터가 Apple Watch와 iPhone간에 동기화되지 않았습니다""라는 수정 사항을보고했습니다. iOS 14.2로 업데이트하는 것이 좋습니다. 추가 지원이 필요한 경우 appsupport@tantsissa.com으로 이메일을 보내주십시오.', 'modified': '2020-11-09T23:45:43Z'}"
수면타임 진짜 개못잡음,2020-09-26 08:57:07,lucas4noah,수면타입 진짜 개못잡음. 이게 문젠지 워치가 문젠지는 모르겠지만 수면시간 진짜 엄청 못맞춤. 워치5씀. 갤워치랑 샤오미밴드가 정확도 훨씬높음,1,False,
솔직히  미밴드보다 덜 정확한듯.,2020-07-30 21:17:42,OLoO88,"향후 애플워치에서도 수면분석 앱이 정식으로 나온다하니 그것도 비교해봐야죠.
이앱은 늘 초반부터 딮슬립이고 살제로 잠을 설친 날도 푹 잔걸로 나오네요",3,False,
애플워치랑 찰떡궁합!,2019-08-12 00:39:07,ㄹㅎㅎㄱㄹ,심박수 실질수면 깊은수면 정확해욤,5,False,
난 잤는데 일어나 있었데...,2018-12-04 01:30:42,kwon83,몽유병인가요? ㅋㅋ,5,False,
피곤,2018-11-23 03:29:29,징요딩요브러질,항상 피곤 하단 말을 달고 사는데 내가 왜 피곤 한지 알게됨 생각보다 잠을 덜자고 있음,5,False,
🙂,2018-02-22 04:10:21,윤ㄴ레오,(๑˃̵ᴗ˂̵),1,False,
왜 일본어 뜨냐고,2017-11-16 13:45:42,대한항문,언어 어떻게 바꿔 빡치기 직전이니 제작자 얼른 댓글 ㄱㄱ,1,False,
