date,isEdited,userName,review,rating,title,developerResponse
2020-03-31 02:03:25,False,힝히이히ㅣ리이힝,"I have 2 requests.
first, 건물 위치를 사용자 마음대로 편집할 수 있었으면 좋겠어요. 

Second, 그리고 소셜서클에서 설정하는 취침시간과 개인이 설정하는 취침시간을 다르게 설정할 수 있으면 좋겠어요. 친구들과 소셜서클을 만들어서 풍경을 즐기고 싶은데, 친구들과 수면패턴이 각자 달라서 공동취침시간을 설정하는게 어렵거든요. 그래서 친구들이 각자 자신의 취침시간을 잘 지켜서 미션에 성공하는 걸로도 소셜서클 이용이 가능했으면 좋겠습니다.",5,건물 위치 편집 기능이 있었으면 좋겠어요.,
2019-05-10 10:18:09,False,srdpp,"원래 폰 만지다가 새벽 3-4시쯤 잠들고 아침에 강제 기상해서 낮동안 꾸벅꾸벅 좀비처럼 살아가는 노답 생활패턴 인간이었습니다.. 예쁜 나무가 갖고 싶어서 포레스트를 쓰다보니 폰 중독에서 한발짝 벗어났고, 근사한 마을이 갖고 싶어 슬립타운을 쓰다보니 건강한 아침형 인간이 되어가고 있습니다. 개발자분들 정말 감사합니다 앞으로도 많이 버세요 ..",5,"forest, sleeptown으로 건강한 생활습관 만들고 있습니다",
2021-11-01 09:53:24,False,재밋다ㅎㅋ,소셜서클 혼자서도 할수 있었음 좋겠네요,5,좋아요 근데 소셜서클 혼자서는 못하나요?,
2018-12-11 01:28:37,False,릴로와 스티치,"알람 기능이 좀 부실해요. 특히 저같이 잠 못 깨는 사람들,, 나머지 기능은 너무 맘에 들어요 전보다 확실히 일찍 잠들게 됐고 그것만으로도 너무 좋은데 알람 기능만 좀 강화해주셨으면 좋겠어요. 더 시끄러운 소리랑 더 어려운 알람 미션,,,,",4,너무 좋아요 근데,
2021-01-02 22:33:42,False,noo answer,앱을 깐 2일까지는 정말 좋았습니다. 3일차인 오늘 쉐이크가 안되더라구요. 흔들기 기능을 사용하여 핸드폰을 흔들어도 게이지가 정말 조금도 안찹니다. 그 부분 빼곤 정말 좋은 앱인 것 같네요.,3,왜 안될까요,"{'id': 20322728, 'body': 'Hi there, we are sorry for the problem caused. Could you please send all these messages and with screenshot to us via sleeptown.support@seekrtech.com  ?   We will investigate the problem as soon as possible.', 'modified': '2021-01-11T15:43:41Z'}"
2020-02-12 14:51:16,False,썽Ag,"슬리프타운 쓰는 이유가 저 자신에게 취침시간네 폰을 못만지게 하는 강제성을 주기 위해서잖아요
근데 엄격한 모드라는 게 어느 샌가 생겨서는 엄격한 모드를 해제하면 수면 버튼 누르고도 폰을 쓸 수 있다는 게 아쉽네요  의지박약이라서 이 어플 쓰기 시작한건데 저에게 선택의 여지가 주어지니까 의지가 와르르 무너져서 엄격한 모드를 해제하고 자버리네요 원래 어플이 만들어진 취지대로 바꿔주세요 ㅠㅠ",4,엄격한 모드 해제하는 걸 없애주세요,"{'id': 13589116, 'body': 'Hi,\nThank you for the feedback. The ""Strict mode"" was implemented so that SleepToan can go with the changes in the iOS system, otherwise the app would not be able to detect if the user is using other apps. We hope you understand. Sorry for any inconvenience caused.\n- SleepTown', 'modified': '2020-02-19T19:22:41Z'}"
2021-01-13 15:31:37,False,Muminee,"원래는 자기 전에 포레스트 앱으로 한 시간 정도 맞춰놓고 소나기 소리 들으면서 잤었는데, 이 앱에서는 소리 기능이 없어서 넘 아쉬워요. 수면에 도움이 되는 잔잔한 소리 (asmr)기능/ 그리고 소리를 얼마동안 켜 둘 지 알람 설정 기능이 있으면 좋겠어요! 포레스트 쓰다가 집도 짓고 싶어서 이 앱을 구매했는데 ㅜㅜ 소리 설정 기능이 없어서 다시 포레스트 써야 할 듯 해요.. 소리 기능 제발 추가해주세요..! 그리고 집은 포레스트와 다르게 선택할 수 없나요!? 집 모양을 고를 수 있게 상점이 있으면 좋겠습니다!",5,소리 기능이 있으면 좋겠어요,
2019-04-03 01:55:11,False,라리롱12,"포레스트 쓰다가 좋아서 슬립타운도 다운받아 본건데 이젠 이것만 써요ㅎㅎ 항상 자기전에 폰하던 습관 고쳐서 너무 좋아요!

어느 날 자기전에 폰으로 미드가 너무 보고싶어서 그냥 건물 짓는거 포기하고 폰할까 하다가 참고 잠들었는데, 그다음날 아침에 너무 예쁜 건물이 지어진거예요ㅋㅋㅋ그때 넘 뿌듯하고 감격스럽더라고요ㅋㅋㅋ 

별거 아닐수 있는데 매일 매일 규칙적으로 잠들게 되고 밤늦게 폰하느라 시력 나빠질 걱정 안해도 되고 거기에다 이쁜 건물까지 모을수 있어서 최고인거 같아요 어플 리뷰 이렇게 길게 써보는거 처음인데 이건 진짜 강추입니다!!",5,최고예요,
2020-11-20 12:37:03,False,감귤감귤감귤,예전부터 일찍 자려면 어떻게 해야하나 싶어서 알아보던 중에 이 앱을 발견했는데 이런다고 내가 폰을 안하고 잘까? 싶어서  안 했었거든요.. 근데 제가 돈주고 큰 맘 먹고 사기도 했고 제가 폰을 하면 건물이 아예 안 지어진다고 나오니까 일단 목표 시간이 오면 꺼야겠다는 생각이 들어요 ㅎㅎ 건물을 수집하거나 모으고 싶고 그런게 아닌데도요 ㅎㅎ 그리고 아침이 되면 생겨난 건물을 보면서 빨리 모으고 싶다는 생각이 듭니당,5,솔직히 너무 좋아요 ㅎㅎ,
2019-08-03 00:45:19,False,오에은,"일찍작고 싶은데 핸드폰 한번 잡았다 하면 새벽까지 하고.. 다음날에 너무 늦게 일어나는 제가 너무 싫더라구요.... 혼자서 계획세워도 다시 무산돼고..
이렇게 의지박약이었나 싶었어요..
제 자신도 너무 싫고..
근데!!!! 건물때문에 수면누르고 할게 없으니까 자게되네욬ㅋㅋㅋㅋㅋㅋ감사합니다!!!! 아침에 일어나서두요!!!!!!",5,의지박약인 나를 바꾸는 어플!!,
2019-07-26 23:55:45,False,빨리 좀 고쳐주세요 짜증납니다,"학기 중에는 강제적으로라도 일찍 자고 일찍 일어나는 게 잘 지켜졌는데 방학이 되니까 한없이 엉망이 되더라구요
규칙적인 양질의 수면시간을 위해 구입했는데 2500원이 아깝지 않습니다
좋은 앱 만들어주셔서 감사해요
Forest도 잘 쓰고 있어요:-)",5,좋아요:),
2022-08-07 08:03:00,False,jenudnr,"아침마다 누구보다 일어나기 힘들어 하는 사람입니당 이제 기상 시간이 기대가 됩니당 무슨 건물이 지어졌는지 궁금해서 확인하려구 후딱 일어나게 돼용! 지금까지 지었던 건물 보면 뿌듯하기도 하구,, 가끔 망가진 건물이 생기면 없애고 싶어서 의욕이 활활 불타용 ㅎㅎㅎ 수면 시간도 기록해줘서 자연스럽게 수면 패턴도 생겼습니다 짱! 🤍",5,너무 좋아용,
2021-09-13 22:21:06,False,학교만27년째,"커피 한 잔 값으로 아침에 일어나는거 습관화하기 좋은 것 같아요~ 물론 종종 실패할 때도 있지만 그마저도 습관을 형성하는 과정이라 생각하게 되고, 우선 늦게까지 핸드폰을 안하니 일찍 눈을 떠도 피곤해서 죽겠다는 느낌은 많이 없어져서 좋아요!",5,좋아요~,
2021-01-10 17:20:42,False,저를 좀 깨워주세요 ...plz,"약 한 달 동안 열심히 집 짓고 있는 고쓰리입니다. 
자꾸 아침 일찍 못 일어나는 저에게 화가 나서 이거라도 해보자 하고 구매하게 되었는데요.
오마이갓 수면의지가 강한 저는 이 프로그램의 알람으로 전혀 일어나지 못하고 있습니다 ... 종종 일어나도 집만 짓고 다시 잠들어 버리는 불상사가 일어납니다 오마갓. 
저같은 사람도 쉽게 후다닥 일어날 수 있도록 알람 소리가 더 우람하고 자기주장이 강했으면 좋겠습니다. 
띠리링 같은 여리여리하고 아름다운 소리로는 꿈을 더 아름답게 만들어줄 뿐 기상을 돕지는 못하는 것 같습니다. 아무쪼록 잘 부탁드립니다 !",4,건물 짓고 다시 잠들어 버리는 ...,
2019-05-04 11:47:01,False,dmsgp85333,"아기자기하고 귀여운데 정말 단호하네요ㅎㅎ 설정해 뒀던걸 변경하면 티켓을 못받으니까 처음 설정한 대로 지키게 됩니다... 
다만, 개선했으면 하는 부분이 있어요~ 다른 리뷰에서도 봤지만 알람소리가 잘 안들리는 것 같아요ㅠㅠ  그리고 잠금 해제하는 것도 흔드는 것 외에 좀 더 다양하고 어려운 방법이 있었으면 좋겠어요. 
또 아침 기상 시간에만 체크를 하는 것이 아니라 기상 후 한 시간 뒤에도 본인이 원한다면 깨어있는 것을 확인할 수 있는 퀘스트가 있으면 좋겠다고 생각해요~ 기상시간에 열심히 폰을 흔들고 다시 잠들기도 하거든요🤣🤣",4,귀엽고 단호한 어플,
2019-05-27 12:35:07,False,이게모야완전시르다,새벽4시에도 폰을 하다 자다보니 몸이 안좋아지는게 느껴져서 설치! 건물을 부시지 않도록 정해진 시간에 자고 일어나게 되요!! 한 번 부서진 건물은 복구가 어렵다보니 의외로 폰을 만지지 않는데 큰 도움이 됩니다. 다만 저는 포레스트와 함께 사용하는데 두 어플을 동시에 사용할 수 없는게 불편해요! 개선부탁드립니다,5,귀여운 건물과 함께 자요 ㅋㅋ,
2021-03-25 22:04:18,False,룩ㅎㅏ스,"1. 며칠전부터 자꾸 인터넷 연결이 안 된다고 메시지가 뜹니다. 급기야 오늘은 동기화도 안 되고.. 와이파이 바꿔보고 꺼보고 해도 똑같네요. 503 에러메시지가 뜨는데 서버에 뭔가 문제가 있는 것 같네요. 너무 불편합니다.

2. 알람 음량이 어플에서 아무리 설정을 해도 기기 술정 따라가는 것 같습니다. 알람 소리가 안 들려서 며칠을 못 깨어나서 건물 무너지고.. 그러다 기기 음량이 작으면 아무리 어플에서 크게 설정해도 작게 나오더라구요.

수정해주세요.",3,몇 가지 오류,"{'id': 21901732, 'body': 'Hi, sorry for the problem caused. Could you please contact us via in-app feedback and tell us more details about the problem? Please also let us know your phone model and app version. Please provide screenshots/videos showing the problem if you can. Thank you!', 'modified': '2021-03-27T22:12:04Z'}"
2019-02-09 18:57:53,False,Couchpotato_,"그래서 이 어플도 받았습니다 자기전에 핸드폰 하느라 피곤하면서도 안 자고 버틸 때가 많아서요 수면패턴 엉망되고 ㅠ 아직 사용은 못해봤지만 포레스트에서 느낀 만족감을 느낄 수 있으리라 생각합니다 :) 
댓글에 트리하우스 관련 문의가 많아서 뭔가 했는데 포레스트 어플이 깔려있으면 슬립타운의 트리하우스 집을 준다는 거죠? 전 순간 포레스트의 트리하우스 나무가 잠금해제되는 건가 했네요",5,포레스트 잘 쓰고 있어요,
2021-12-15 13:28:28,False,김전구,"1. 요일마다 개별적으로 취침/수면시간을 달리 하고 싶어요. 저는 요일마다 출근시간이 다른데..어떤날은 좀 더 자고 싶거든요. 

2. 본인이 설정한 취침시간 1시간 전이나 30분전에 알림기능이 있었으면 좋겠어요! 알림센터에서 취침모드를 누를 수 있으면 편할 거 같아요.",4,쓰다보니 아쉬운 점이 있습니다.,
2022-03-24 11:26:54,False,하..........ㅠ,"안녕하세요 좋은어플덕에 너무 잘쓰고있습니다!
정말 만족하는데, 다만 알람설정에 계속 오류가뜨네요
'음악 선택' 칸에 들어가면 애플뮤직으로 이어지긴하는데 일초정도만에 자동으로 화면이 닫히네요.. 해결부탁드려요",4,알람 노래설정이 안됩니다!,
2019-04-16 16:22:44,False,oreo오레오,잠 패턴을 좀 일정하게 하는데 좋았습니다. 지독한 야행성이라 원래 10시 11시 돼도 알람 소리를 못 들어서 못 깰 정도였어요. 근데 앱 깔고 나서부턴 건물 짓고 싶으니까 눈이 아침에 저절로 떠져요ㅋㅋㅋ침대에서 일어나는건 또 별개의 문제지만 적어도 첫 기상을 좀 더 일찍 하는 데에 도움을 많이 받았어요!,5,잠패턴 바꾸기에 도움 많이 돼요,
2019-12-03 12:45:52,False,호헤에에,"평소에 잘 이용하고 있는데 
오늘 코인으로 이것저것 사서 제 마을을 꾸미고서 몇시간 후에 다시 제 마을을 꾸미러 갔더니 인증서가 유효하지 않다며 안되네요..! 인터넷에 검색해보니까 시간 설정 다시하면 해결된다고 해서 따라했더니 해결이 안되어 리뷰에 질문 드려요!",5,Q. 인증서가 유효하지 않다는 팝업이 뜨는데요,
2021-05-03 23:44:22,False,Jinhyuck Yang,"아지자기하고 신기한 건물을 세우겠다는 고무적인 동기로 수면패턴을 만들겠다는 발상이 놀랍고 유쾌합니다.

‘엄격한 모드’는 아쉽습니다. 다른 앱으로 넘어가지 못하게 제한을 걸어둔 건 이해가 가지만, 기기의 화면을 아예 꺼놓지도 못하게 하는 이유는 무엇인가요? 충전을 하면서 앱을 상시로 켜놓으면 배터리 성능이 많이 떨어집니다. ‘엄격한 모드’를 풀어놓으면 다른 앱으로 넘어가 사용자가 이 앱으로부터 얻고자 하는 순기능을 활용하지 못하게 되니 보완이 필요할 것 같습니다.",4,수면패턴 정립에 효과적인 앱,
2019-06-11 16:01:19,False,Jshebbejdj,"저도 폰 만지다가 늦게자는게 습관이었는데
건물지으려고 일찍 자게되더라구요~
넘 좋아요!!! 

근데 소셜서클 하고싶은데 친구들이 없어서 못하고 있거든요ㅠㅠㅠ 친구를 초대해서 하는게 아니라 슬립타운 이용하는 사람들이 방 만들면 조건 맞는 사람들이 그 방에 참여할 수 있었으면 좋겠어요!",5,좋아요~,
2020-12-09 22:57:36,False,Mina127ml,하루 일과를 마치고 침대에 누워 핸드폰 보다보면 늦게 자기가 일수라 일단 핸드폰을 멀리하려는데 잘되지가 않아 구입하게 되었는데 일단 첫 날은 성공이네요 앞으로 더 많은 건축물을 얻고 마을을 완성 시키고 싶어요,5,첫 이용 후기,
2018-10-30 04:20:02,False,아기사자윤,"두 앱 같이 쓰니까 정말 좋은거 같아요

근데 저도 다른 분들처럼 treehouse 가 안받아지는데 기존에 남기신 방법 말고 다른 해결책은 없나요?

슬립타운 앱 설정탭에서 제 이름을 눌러도 뜨는게 없어요 ㅠ",5,슬립타운 포레스트 콤보!,"{'id': 5787883, 'body': 'Hi,\nPlease provide us the details and the screenshots of the problem via our in-app feedback system. We will look into this issue. :)', 'modified': '2018-11-03T12:47:05Z'}"
2020-06-13 14:21:01,False,ahhalady,엄격한모드 온오프가 가능하다보니 자제력이 부족해 오프 상태로 폰을 만지게 됩니다. 엄격한모드 해제 시에는 앱을 벗어나면 어서 자라고 팝업이 뜬다던가...ㅠㅠ? 뭔가 다른 앱을 하면서도 주의를 받을 수 있는 장치를 해놓을 수 없을까요? 애초에 엄격한모드를 해제하는 저의 안일함이 안타깝긴 합니다만 ㅋㅋ 취침시간이 넘어도 아무 피드백이 없어서 완전 의미가 없네요 ㅎ.ㅎ,4,엄격한모드를 해제해도 장치가 있었으면 좋겠어요!,
2020-11-15 15:49:13,False,도랏민,포레스트도 좋아서 다운 받았는데 수면 패턴을 확실히 잡아주니까 좋네요! 강제성은 없지만 건물 짓고 싶어서 매일 정해진 시간에 자고 일어납니다ㅋㅋㅋㅋㅋㅋ 좋아요,5,디자인이 너무 예뻐요,
2020-08-27 22:34:48,False,리리비토,역시 좋아요! 자기 전에 인스타 한 번 켜면 한시간은 기본으로 보게 되고 그랬는데 요즘은 마을 건물 지어보려고 꼬박꼬박 취침시간 맞춰 잠들게 되네요 :D,5,Forest 앱 쓰다가 홍보 문구 보고 설치했는데,
2020-03-06 11:59:03,False,김민선🇰🇷,제 블로그에 자세하게 리뷰를 써서 이곳에는 안 쓸게요. 개발자님께 감사하다는 말씀드립니다. Thank you :),5,수험생활에 유익한 도움을 주는 Sleep Town어플.,
2019-07-22 13:56:30,False,"하,.....","수면 패턴 설정하고, 성공하면 건물을 얻어서 마을을 꾸밀 수 있다는 게 의외로 성취감이 커요! 성공하면 아침마다 성공의 기분과 함께 하루를 시작하는 느낌이라 더욱 좋아요! 아쉬운 점이 있다면, 알람을 3개까지 설정할 수 있다면 더 좋을 것 같아요! 취침 알람 시간도 마찬가지로 2번 이상 설정 할 수 있으면 좋겠어요 :)",5,수면 패턴 조정하기 좋아요!,
2019-04-16 13:28:37,False,쏘나21_,"시험기간이나 공부해야될때도 컨디션 조절에 최고인거 같고, 맨날 휴대폰하다가 다음날에 피곤한 적이 엄청 많았는데 이거 쓰고나서 조금 괜찮아진것 같아요!",5,forest 쓰다가 이것도 사용해보고 있는데 좋은거 같아요!!,
2019-04-14 15:30:50,False,호에에엥 호에엥,매일 15분 내에 잠자리에 드세요 라고 알림이 뜨는 걸 보고 아 이제 정말 자야겠다 하고 생각하게 되어요 앱을 키는걸 까먹어서 보상은 못받았지만서도 잘 활용할시 정말 좋을 것 같습니다,5,아기자기 귀엽고 도전하게 됩니다,
2020-07-01 01:19:31,False,데일리호텔추천해요,"취침시간, 기상시간을 바꾸고 싶은데 소셜서클과 동일한 목표여야 한다면서 안바꿔지네요. 소셜서클과 동시에 시간 바꾸는 방법좀 알려주세요!! 아니면 소셜서클 지금 있는걸 뿌수고 아예 새로 만들어야 하나요??ㅠㅠ",5,질문있습니다!!!!!✋✋,
2020-04-14 06:14:00,False,지음뇸,"요즘 방학해서 생활패턴이 엉망이였는데 이거 깔고 건물 무너질까봐 일찍 일어나서 핸드폰 흔들고 깨요 ㅠㅠ
진짜 재밌기도 하고 생활패턴 바꿀 수 있는게 너무 좋아요 유료앱이라도 진짜 강추합니다 !",5,진짜 좋아요,
2020-04-30 21:48:00,False,햇두지,꼭 성공했으면 좋겠네요~!! 맨날 수면부족 아니면 늦잠이라서...힘들었는데 이 어플로 폰 중독에서 벗어났으면 좋겠네요 언제까지 버틸 수 있을런지는 모르겠지만 열심히 해보려구요~!!,5,꼭 성공하길,
2020-03-05 16:38:00,True,F:FFF,"비슷한 증상으로 문의 드린 후 해결되었었는데 
또 Face id 해제 후 메시지를 읽는 것만으로 경고 알림 없이 건물이 무너지네요 ㅠㅠ 오류인가요 아니면 원래 이런 건가요?",4,이전에 리뷰 남겼던 사용자입니다,"{'id': 10188741, 'body': ""Hello, sorry for the inconvenience. This issue has been resolved in the latest version (v.3.2.3). Please update to the new version, and your buildings won't collapse again after your phone is unlocked with Face ID. We'd really appreciate it if you update the review and rating when you've seen the improvement. Thank you! :) - SleepTown"", 'modified': '2020-03-05T16:38:00Z'}"
2019-07-14 09:06:31,False,아 왜 안 써져!!,수면 습관 고치기 짱입니다 건물 열심히 지어서 마을 꾸미는 재미가 쏠쏠해요 주변에도 많이 추천했어요 휴대폰 만지다가 늦게 잠들기 일쑤였는데 이제 휴대폰 만지는 것보다 예쁜 건물 짓는 게 더 중요한 일이 되어서 기분 좋게 습관을 고쳤습니다!,5,좋아요!!,
2020-12-29 01:51:34,False,배고픈밍밍,취침시간이 다된줄 모르고 다른일을 하다가 건물짓기를 못눌러서 그날은 핸드폰 하다가 늦잠자게 되고 그러더라구요..ㅠㅠ 그래서 핸드폰이 알아서 잠겨졌으면 좋겠어요!,5,취침시간이 되면 건물짓기를 안눌러도 바로 건물이 지어지고 화면이 잠겼으면 좋겠어요!,
2019-07-10 06:42:06,False,꺄나눕비,리뷰를 처음 남겨봅니다 그만큼 유용하고 좋은 어플같아요! 매일 늦게까지 폰 만지다가 다음날 아침에 피곤하고 늦잠 자기 일수 였는데! 집 모으는 재미에다가 수면 습관까지 길들일 수 있어서 좋아요!,5,참신하면서도 건강까지!,
2019-05-29 22:23:53,False,lune47gh,이거 쓰고나서 폐건물?생기는게 싫어서 그 시간 이후로는 폰을 안만지게 됩니다 덕분에 눈도 덜 피곤한것 같고 제시간에 자서 뭔가 삶의 질이 올라간 느낌? 잠 관련 어플 많이 사봤는데 이게 젤 좋았어요 강츄,5,좋아요,
2019-05-04 03:00:57,False,슈바슈징,"원체 심즈같은 집꾸미는 게임 좋아해서 딱이다 싶었는데, 역시나 재밌게(?) 잘 자면서 마을 꾸미기 놀이 할 수 있어서 행복해요! 좀 더 다양한 아이템들이 나오길 희망해봅니다^ㅁ^",5,꾸준히 잘 쓰고 있어요!,
2019-05-03 14:23:41,False,kwakhea,"잠자기전에 휴대폰 하는 습관 고칠 수 있어서 좋아요! 
음 기상미션?은 좀 더 어려운게 있어도 좋을것같아요ㅎㅎ  forest도 잘 쓰고 있는데 좋은 앱 만들어 주셔서 감사합니당:)",5,좋아용,
2018-10-16 05:19:40,True,E.Seol,"Forest랑 이 앱 두개 같은 핸드폰에 깔고 사용 중인데 설정 탭에 forest에서 나무를 받을 수 있는게 없어서 못 받고 있어요. 어떻게 해야할까요? 
로그인도 하고, 이미 오늘 건물도 세워봤어요.

말씀해주신대로 해봤는데도 안 뜨는데 어떻게 해야하나요..? 이미 건물도 많이 세웠고 나무도 많이 심었는데도 안 뜨네요. 따로 해야할 설정이 있나요?",5,Forest랑 같이 사용하고 있는데요..,"{'id': 5114336, 'body': 'Hello,\n\nPlease go to SleepTown\'s settings page and tap the cell with your user name on it. \nThis will lead you to your profile page where you can find the redeem button for ""special Forest house"".  \n(On certain phone models, you might have to open Forest before claiming the ""special Forest house"" for it work properly)\n\nThanks for contacting us! :)', 'modified': '2018-10-16T05:19:40Z'}"
2019-05-05 01:08:52,False,민0611,너무 귀여워요 ㅎㅎㅎ 연속으로 성공하고 싶어서 전말 수면 기상 시간 잘 지키게 되고 핸드폰 사용 안하게 돼서 좋아요 유료인게 하나도 아깝지 않은 앱입니다~!~! 포레스트도 잘 이용하고 있어요 ㅎㅎ,5,이게 뭐라고 열심히 하게 되는지,
2020-03-25 03:41:08,False,sixkxdjzs,"움직임이나 소리가 있었으면 더 좋겠어요
줌인(Zoom-in)하면 연못에서 물소리가 나거나 공사장 소음이 난다던지, 아니면 작은 사람들이나 버스가 돌아다녀도 좋고요. 정말 마을처럼요. 그럼 더 생동감 있을 것 같아요",4,아기자기하고 성취감도 있습니다 그런데,
2019-06-29 18:44:36,False,바람돌이앙ㅇ어어어,침대에서 스마트폰하다가 잠못자는 습관을 고치는데 많이 기여하고 있어요 그런데 건물이라서 그런지 나무심는 어플보다는 재미가 덜해서 잘 안하게 되요 컨텐츠가 건물 말고 뭔가 더 음 건물 말고 뭐가 더 좋을까요?ㅠ,5,좋아욤,
2019-01-21 16:54:52,False,헣헐,"취침누르는거 잊고 잘 준비하다가 
1,2분 지나쳐버리면 그날은 아예 
하질 못하게 되버리니까 오늘은 좀 늦게 자지 뭐 
이러게되고 어느날은 피곤해서 좀 일찍 자려는데 
두시간전 아니면 수면 시작 누르지도 못하고
저는 일주일에 세번은 오전출근 두번은 오후 출근인데 그런 날짜별 설정도 없어서 항상 일찍 깨야하고
제한이 많아서 불편합니다. 수정 좀 되었으면 하네요",4,좋기는한데 제한이 너무 많아요,"{'id': 6949829, 'body': 'Hi,\nWould you please provide us with the screenshots and details of the problem via our in-app feedback system? We could further investigate the issue for you! :) SleepTown', 'modified': '2019-01-22T06:20:07Z'}"
2019-05-19 05:14:33,False,Rosie21541,너무 좋아요!! 그런데 날짜별로 취침시간을 선택할 수 있게 바꾸어 주셨으면 좋겠어요ㅜ 저같은 학생은 평일과 휴일에 수면패턴이 달라서요! 부탁드리겠습니다~~,5,짱,
2019-04-23 10:42:56,False,ghushsjeken777777777777,아직 이틀밖에 안해봤지만 구글에 검색해서 거대한 도시를 건설하신 분들을 보니 의욕만만이네요. 서클도 가입하니 같이 마을을 만드는 기분이 꽤 소속감도 주고 더욱 도움이 됩니다. 꾸준히 해서 거대한 타운도 만들고 생활 리듬도 되찾겠습니다.,5,꾸준히 할 것 같아요.,
2020-04-23 23:51:30,False,또롱또롱또로로,"앱 구매 후 잘 사용하고 있었는데  
알 수 없는 오류 building download 503이라는 문구가 뜨네요ㅠㅜ 어떻게 해야하는거죠?",5,알수없는 오류,
2021-02-18 21:38:30,False,알라미 사용자,이 앱 1년 반 가량 쓰면서 쉐이크가 안 된 적이 없는데 거의 한 달째 쉐이크가 오류나고 있어요. 됐다가 안 됐다가 열심히 흔들어도 막대가 안 채워질 때가 더 많아요. 고객센터에 얘기하면 1주일 있다가 확인하고 하라는대로 다 했는데도 해결도 안 되고 답답해서 메일도 보냈는데 지금까지 답장도 없고요. 결국 리뷰란에 적습니다.,3,해결 좀 해주세요,
2019-04-04 21:45:01,False,Diooooor,아기자기하고 너무 좋아요! 근데 소셜 친구를 내가 초대하는게 아니라 이 어플 자체에서 이미 이 어플 가진 사람띠리 각자 자기가 원하는 방에 들어갈수 있고 방도 스스로 만들수 있음 좋겠어요ㅠ 유료 어플이라 친구들한테 선뜻 같이 하자고 하기가 좀 그렇네오ㅠㅠ 이미 있는 사람들끼리 서로 소통하고 하면 좋겠네요!,5,좋아오,
2021-05-15 20:03:41,False,여고생배철,"1시에서 7시로 설정해놨는데
12시 59분에 끄고 5시까지 폰은 안 하고 컴퓨터만 하는 인간이 되었네요! 나중에 고쳐지겠죠!! ^^",5,조아요!,
2021-05-10 15:29:32,False,채악,아직 제대로 사용해보진 않았지만 튜토리얼을 보니 제 생활 개선에 도움이 될 것 같아요ㅎㅎ,5,Forest 앱에 이어 다운 받았습니다,
2019-04-14 23:02:49,False,황금알을낳는닭,"일일이 신경쓰며 게임에몰두하려 하지않아도 수면동안 이쁜건물들이 늘어나니 매우좋네요!!
시간 정해놓으면 알람기능도있어서 좋습니다.",5,저에겐 편해요!!,
2019-04-05 02:23:21,False,dbeud20,"매일 핸드폰하느라 늦게 자서 안되겠다 싶어 결제했는데, 재깍재깍 일어나는 건 아직 습관이 안 됐지만ㅎㅎ 잠들 시간 설정해놓으니까 강제로하도 일찍 자게되더라구요. 2000원이 아깝지 않습니다.",5,가성비 짱짱,
2019-07-31 00:20:20,False,뺘랴랴,반신반의하면서 구매 했는데 이게 뭐라고 건물 무너뜨리기 싫어서 매일 규칙적으로 자고 있네요 ㅋㅋ 2500원 하나도 아깝지 않아요!,5,.,
2018-10-04 13:10:40,False,김우진,"Forest어플 쓰다가 이 어플도 설치했는데 공부 컨디션 유지하는데는 최상의 조합이네요. 
p.s Treehouse는 아직 unlock 상태인데 언제 풀어주시나요 아이디는 WooJin입니다.",5,정말 좋은거 같습니다,"{'id': 5382425, 'body': 'Hello,\n\nPlease go to the settings page of SleepTown and tap on your user name. This will take you to your profile page where you can find the redeem button for ""special Forest house"". Please note that the Forest app should be installed in the same device or the redeem button won\'t appear.  \n\nAnother reason could be you\'ve already obtained the Forest house. Please tap the ""next"" button at the bottom-right corner of SleepTown\'s main page where the ""Next Building"" page will pop up. Once the page has appeared tap on the hand icon where you should be able to choose your next building. See if the Forest house is available . \n\nThank you! :)', 'modified': '2018-10-06T15:58:57Z'}"
2021-12-10 00:27:40,False,꿈ing,"조금 더 사용해봐야 알겠지만
밤에 폰 만지다 늦게 나는걸 좀 잡아주는것 같아요
타운을..어플 내에서도 아릉 사람들과 만날 수 있었으면 놓겠어요 ㅎㅎㅎ 사람을 찾아서 같이하는게 쉽지는 않네요 ㅠㅜ",4,좋아요~,
2020-04-21 23:42:00,False,또로럴러거럭,잊고 있다가 돈주고 샀다는게 생각나서 다시 깔아봤는데 절박해서 그런건지 유용하게 잘 쓰고 있습니다. 건물들도 귀여워서 모으고 싶은 욕구도 생기네요.,5,좋습니다.,
2019-04-13 21:56:34,False,MovingKey,"정말로 건물들 모두다 이쁘고 그외 코인으로 구매해서 설치할수
있는 것들도 다 이쁜거 같아요❤️
자고 일어나는것도 규칙적으로 하게되는 앱이네요😀",5,잘쓰고 있습니다,
2019-07-23 22:06:58,False,smilekids_,"포레스트 쓰다가 이 앱까지 쓰는데 너무 만족합니다 ㅠㅠ
지어지는 건물 보면서 아까워서 라도 폰을 안만지게 되도라구요!! 아침에 상쾌하게 눈 뜰 수 있어 행복합니다~",5,너무 만족해요,
2020-04-09 22:08:19,False,XdancingX,"규칙적으로 자고 일어나는 것은 쉽지 않은 일인데 집을 지으려고, 그리고 집을 무너뜨리지 않으려고 일찍 자고, 정해진 시간에 일어나게 됩니다. 
그리고 집들이 재미있어서 계속 짓게 되네요 
한두번 실패해도 연속으로 쳐줘서 좋아요~",4,집을 짓는 재미가 쏠쏠하네요,
2018-08-21 12:36:58,False,Suuuuuhyun,첨에 잘 쓸 수 있을까 고민했는데 잘 안 써져서 사람들 모아서 기상밴드로 인증하면서 쓰고 있는데 너무 좋아요 마을 꾸미고 보니 더 희귀건물 모으고 싶어서 열심히 하게 되는 것 같아요❣️,5,좋아요 ㅠㅠㅠㅠㅠ 아기자기 꾸미는 맛에 성취감 업,
2021-09-15 16:06:55,False,젤라또잉,너무나도 의미있게 앱을 사용하고있는 유저입니다!!! 소셜서클 건물 종류가 좀더 다양했으면 좋겠습니다! 계속 중복된 건물만 짓는거같아요!,4,소셜셔클 건물종류,
2021-06-09 02:45:50,False,내 추억 주세요 ㅠ,"새삼 잠을 잘자는 사람이었음을 알게 되었네요 
그리고 몇번이나 핸드폰을 들었다 놨다 하는 저를 발견...!!  
강추!!",5,핸드폰 안하니까 이렇게 빨리 잠 들 수 있다니,
2019-06-06 03:38:57,False,ssenjyu,"건물들도 아기자기하니 이쁘고 귀여워요
우선 수면시간을 지킨다는게 중요한거 같아요 
정말로 건물이 붕괴되는게 속상해서 폰을 안하게 돼요 신기방기 ㅎㅎㅎ",5,It’s so good!,
2019-08-07 09:18:58,False,tedpooh,성과를 가시적으로 확인할 수 있다는 게 이 앱의 가장 큰 이점입니다. 다만 이번 업데이트 때 화면구성이 조금 바뀌면서 번역투? 같은 느낌이 생겨서 그부분은 아쉽네요.,4,수면시간 조절에 좋습니다~,
2019-05-28 23:16:27,False,스팸이야 리챔이야,자기 전에 핸드폰하다가 매번 다음날 후회해서 후기 보고 다운 받아봤는데 최고입니다 다음에는 무슨 건물이 지어질까 궁금해서 빨리 자고 다음날 되었으면 좋겠다고 생각합니다,5,정말 좋아요!,
2019-05-18 05:12:38,False,ㅁㄹㅋㄴ,"평소 새벽 5-6시에 자는 것이 습관이었는데
친구들이랑 소셜서클 해서 집짓기 대결 하면서
잠시간 바로 잡았어요... 너무 좋아요",5,너무 잘사용하고 있어요,
2019-04-22 21:32:27,False,Guusda,결국! 251일만에 모든 집을 다 모았습니다!! 마지막 한 집(1원짜리)가 유독 안 걸려서 한 달은 걸린 것 같아요! 덕분에 굿잠!!,5,아주 잘 쓰고 있습니다.,
2020-04-14 15:10:11,False,labbistar,"2500원이면 타이머도 못 사는 돈인데 진짜 돈이 안 아깝습니다. 잘 만들었네요. 단, 기상 미션이 다양해지면 좋겠어요. 핸드폰 흔드는 것 이외에도 ㅎㅎ",5,좋네요,
2019-04-22 02:43:35,False,아미에요 아미이army,포레스트앱 정말 잘써서 이 앱도 깔아봤는데 정말 좋아요! 일러스트도 모두 이쁘고 아기자기하고 수면패턴굳히기 쉬워졌어요~!!좋은앱 만들어주셔서ㅠ감사합니다,5,완전 좋은앱!,
2018-04-29 15:02:28,False,블랙펄ㄹ2228,아침에 깰 때마다 '오늘은 어떤 건물이 지어졌을까' 하는 기대로 깨서 기분 좋아요! 티켓 받으려고 휴일에도 일부러 아침에 일어나서 누르고 다시 잠들고.. 소소한 행복♥︎ 밤에 폰 만지는 시간이 확실히 줄었어요,5,효과 만점,
2020-04-10 15:20:04,False,메롱룽링,맨날 자기전에 폰 하고 자느라 눕기는 일찍 누워도 잠드는건 1시넘어서 잤는데 요즘엔 폰도 안하니까 눕자마자 자요ㅎㅎㅎ 그리고 일찍 자니까 아침에도 일찍 일어나져서 상쾌합니당 ㅎㅎ 건물 짓는것도 뿌듯하고 재밌어용,5,너무 좋아요!!,
2019-04-10 23:05:38,False,챷챷챷,몸건강이나 정신건강에 좋아요. 건물 무너뜨리고 싶지 않아서 더 열심히 자려고 노력하기도 하고ㅋㅋ 새로운 건물 건설됐다고 하면 괜히 선물 받은 거 같은 느낌도 들어요ㅋㅋ,5,확실히 꾸준히 같은 시간에 취침하니까,
2020-03-18 13:40:21,False,내가 재미없으면 별점 낮게줄수있지않냐?,어플 너무 잘쓰고있습니다. 다만 한가지 아쉬운건 내가 마을을 아무리 열심히 꾸며도 나혼자만 볼수있는게 좀 아쉬워요. 적어도 소셜서클에 있는 사람들 마을이라도 서로 볼 수 있으면 좋을거같아요.,4,내마을 다른사람도 볼수있게,
2019-06-21 06:56:10,False,ㅎㅈㄴㄷ,포레스트 어플 사용하고 너무 좋아서 수면어플도 다운받았어요!! 잠들기전 스마트폰 사용하다가 밤새고 오후에 피곤하고 이런생활 그만하고싶어서 다운받았어요,5,건강한 수면습관 들이기위해 다운받았어요,
2018-03-26 00:38:04,False,Dolcissima93,야행성 못고치던 제가 이거 덕에 조금씩 고쳐나가고 있습니다. 효과가 아주 좋네요. 진심 강추!!! 저는 이거 Forest로 알았는데 이 어플도 좋습니다.,5,최고의 어플,
2019-04-11 06:08:45,False,가나다앵,반신반의하면서 구매했는데 건물 안무너뜨리려고 핸드폰도 안하게 되고 어쩔수없이 자게 돼요. 좋은 어플 만들어 주셔서 넘넘 감사합니다,5,넘좋아요,
2020-09-12 23:19:12,False,"n번방,박사방",SleepTown설치하면 특별한 건물 준다고 하던데 어떻게 얻나요? 슬립타운에서 계정등록하면 주는 건물이 그건가요?,5,Forest설치한 사람은 SleepTown설치하면 특별한 건물 준다고 하던데 어떻게 얻나요?,
2019-07-15 11:13:19,False,라온헤윰316,평소에 늦게까지 휴대폰을 하고 자는데 이 앱을 쓰고 왠지 오기로라도 시간을 맞춰서 자게 되어요! 밤에 휴대폰 안 하고 자고 싶으신 분께 추천해요!,5,규칙적인 잠자기 습관,
2019-06-28 04:58:05,False,사이렌오더오류수정좀,수면시간 챙기는데 도움돼요 너무 자기 싫으면 앱에도 안들어가는게 문제지만... 없는것보단 낫죠,5,Forest도 잘 써서 사봤어요,
2022-01-21 10:20:05,False,Wwjdrufp,정해진 시간에 일어날 수 있어서 좋아요 버뜨 제가 토요일 일요일 늦잠자기위해 휴일로 설정 해 놨는데 왜 아침에 일어나면 건물이 무너져있는거죠??ㅠㅠㅠ 그게 속상해요ㅜㅜ,5,정해진 시간에 일어날 수 있어서 좋아요!!!,
2020-04-12 23:34:11,False,꾸꾸쀼,"비록 수면 버튼 누르고 폰은 안하지만 다른걸 하다가 늦게 자지만... 그래도 자기 전에 폰 보면서 시간 안보내게돼서 좋고, 일찍 자야겠다는 생각을 하게돼서 좋아요!!!",5,좋아요,
2019-04-09 00:06:54,False,Ellie8J,"불면증 없고 건강한 사람인데, 휴대폰 만지다보면 자주 늦게 자고 그럴 때면 아침이 계획에서 틀어지더라고요. 보다 철저한 생활 관리가 꼭 필요한 학생인데 정말 유용해요!",5,휴대폰 때문에 불규칙한 수면을 관리해요,
2019-06-19 15:12:02,False,흰둥이987,"소셜 기능덕분에 강제성이 더 높아졌어요!!
잘사용하고있습니다..!!! 정말 좋은 앱이네요",5,감사합니다. !!,
2019-05-23 07:24:13,False,rlwn1373,자는 시간이 규칙적이게 변했어요 집 하나라도 더 짓자는 생각하니까 정해둔 시간 전에 자려고 그 시간 전에 잘 준비 다 하고 그러네요 값어치 있는 멋진 앱!!,5,일주일째 사용중,
2021-12-05 17:10:06,False,스모아,유용하게 쓰다가 한번은 풀 충전 된 상태로 충전기 연결 안하고 잤더니 아침에 배터리가 20% 미만이더라고요 오래쓰면 배터리 금방 나갈 거 같아서 차마 못 쓰겠어요 기능은 진짜 유용한데ㅜ,3,배터리 광탈,"{'id': 26706376, 'body': 'Hi there - sorry for the inconvenience. If you have any other suggestions, feel free to contact us via the in-app feedback system. Thank you!', 'modified': '2021-12-08T06:19:46Z'}"
2021-01-29 10:18:55,False,ㄱ짲운,"엄격한 모드 해제 이거 다음 업그레이드때 
제거해주시면 안되나요?
어플 취지에 안맞는것 같네요",5,돈주고 산건데,
2019-05-31 09:40:34,False,자바칩의 마을,"밤에 폰을 못보고 강제취침을 해야하는건 좋은데
빅타운에서 내가 만든 마을을 소셜서클 사람들도 볼 수 있으면 좋겠어요. 코인으로 마을 실컷 꾸며놔도 나만 볼 수 있으니 별로 흥이 안나네요. 제 마을 예뻐서 자랑하고싶단 말이에요 ㅎㅎ",3,빅타운을 소셜서클에서 공유할 수 있게 해주세요,
2019-07-02 05:47:41,False,호손,수면시 배경음악 더 다양하게 추가해주시면 안되나요 ㅠㅠ 포레스트 음악에 있는것들 슬립타운으로 옮겨도 괜찮을거 같아요!,5,수면시 배경음악,
2021-01-01 10:37:46,False,qwergas,"광고 뜨는 거 보고 슬립 타운도 다운로드 받았는데

방법을 모르겠어요 ㅠㅠ",5,포레스트 연동 이벤트 끝났나요?,
2021-05-20 04:14:28,False,귀욤열매힛,ㅎㅎ 포레스트처럼 뭔가 모으는 재미가 더 있었음 좋겠어요 ㅠㅠ 쇼설 셔클기능에서 취침시간이랑 기상시간 안에서 내가 일어나야하는 시간을 선택하는 기능이 있으면 좋겠어요,4,좋아요,
2019-07-07 01:33:01,False,Meyonce22222,확실히 핸드폰 만지느라 허송세월 안하고 안자더라도 뭔가 생산적인 걸 하다가 잠들게 돼서 좋아요~ 아침에 알람 울리는 기능이 좀더 강화됐으면 좋겠어요 ㅠ,4,좋아요,
2021-08-21 13:37:10,False,없는별명은,정해진 시간되면 강제로 사용하던 어플 꺼지는게 아니네요 수면모드도 제가 끌수있고..,4,생각한거랑 조금 다르네요,
2019-04-12 01:24:27,False,hinap,"적어도 폰 만지는 시간은 확실히 줄어들었고, 아기자기한 건물 모으는 재미에 제시간에 자려고 노력하게 됩니다.",5,효과가 있네요,
2019-04-01 22:07:46,False,하늘 구름 별,"핸드폰을 하다가 늦게 자는 날이 있어서 구매하게 되었는데 후회없습니다~적정한 시간에 자고 일찍 일어날 수 있게 도움을 줍니다! 보상을 통해 마을을 꾸밀
수 있다는 점도 좋습니다~",5,좋은 어플,
2020-03-03 16:50:04,False,소윤비,수면 누르고 화면 잠구고 몇 분 후 다시 열어서 곧바로 어플로 들어갔는데 갑자기 실패했어요 어플 나가지도 않고 허용 범위에서 껐다 킨 것 뿐인데... 진짜 짜증나요 ㅠㅠ,4,원인 모를 실패,
2019-06-29 00:45:42,False,안이은,"절대 못 바꿀 줄 알았는데 sleep town 쓰고 나서부터 일찍 자고 일찍 일어나니까 너무 개운해요,, 감사합니당",5,수면습관,
2018-03-31 23:47:56,False,김네팔,"너무 좋아요
처음엔 뭐때문에 해야되지 했지만
하다보니까 스마트폰참으니까 잠도잘오고
케익가게 햄버거가게 지을수있어서 너무기대되요",5,너무좋아요,
2019-05-30 08:20:35,False,사용후기😴,수면패턴을 고치려고 추천받아서 앱을 구매하게 됐습니다. 사실 사용해본지는 얼마 안됐지만 그래도 요즘 잠 잘때 핸드폰을 안보고 자서 좋아요. 잠자기 전에 핸드폰하면 눈에도 안좋고 건강에도 안좋다는데 점차 고치려구요😊😊,4,좋아요,
2019-12-29 13:45:39,False,쿠기lov,근데 혹시 휴식으로 설정해둔 날 실패해도 건물 무너지는 건가요!? 휴식으로 해놔서 늦게 일어났는데 건물이 무너져있어서 좀 슬프네요 ㅠㅠ,5,좋아요!!!,
2019-04-18 06:10:19,False,센츄러스,맨날 밤에 일찍 자야지 일찍 자야지 하면서 폰 보다가 2시 넘어서 저고 그랬거든요 근데 이 앱 쓰면서 왠지 건물 뿌셔지는 게 싫어서 일찍 자는 습관 자연스럽게 들이게 되네요,5,앱 좋아요,
2019-04-14 22:09:44,False,reviapp,"일정한 시간에 잠들고 일어나는 습관이 자연스럽게 형성되어 좋아요!
소셜 타운을 통해 여러 사람들과 긍정적인 동기부여를 하게 되어 더 많은 도움이 됩니다.",4,규칙적인 습관,
2020-02-08 05:29:22,False,재밋음니다,알람소리가 작은 단점 하나하구요 마을에 사람 돌아다니면서 상호작용도 해줬으면 좋겠어요!! 보는맛이 쏠쏠할거같음,4,너무 좋은데!,
2021-01-28 16:31:17,False,아아처더재으ㅡ,"어떤 블로그에선 수면 상태 보기를 누르면💤가 뜬다고 하는데
제껀 누르나 안 누르나 똑같아요 ㅠ
서클 멤버들이랑 같이 공유하고 싶은데 방법이 없나요",4,수면 상태 보기가 안돼요,
2020-01-30 14:03:40,False,칸산탈슘,forest 어플처럼 한 주의 시작 요일을 월요일로 바꿀 수 있으면 좋겠어요.,5,잘 사용하고 있는데,"{'id': 13237997, 'body': 'Hello,\r\nThank you for your feedback. We will forward your suggestion to our team. :)', 'modified': '2020-02-01T17:03:48Z'}"
2021-05-17 22:09:14,False,쭈쭈이린,"왜 갑자기 진짜 6개월정도 잘 쓰던 이용자인데 흔들기가 어느날 아침에 안돼요ㅠㅠ
수면스터디해서 벌금 걸려있는데 조금 짜증^^",3,흔들기 모드가 안되는데여ㅠㅠ,"{'id': 22947300, 'body': 'Hi, sorry for the problem caused. Could you please contact us via in-app feedback? Please let us know your phone model and app version. Please provide screenshots/videos showing the problem if you can. Thank you!', 'modified': '2021-05-22T09:24:55Z'}"
2019-04-18 05:53:08,False,mariejang,정해진시간에 자려고 노력하다보나 이제는 노력하지 않아도 잠에 잘 들 수 있는거 같아요 ㅎㅎ 시차적응에 도움이 많이 되었어요!,5,덕분에 규칙적인 수면패턴 ㅎㅎ,
2020-06-03 16:03:39,False,에이미요,핸폰 중독때문에 잠도 못자서 깔았는데 가끔 실패해서 건물 무너뜨리기도 하지만 사용하면 좋아요,5,좋아용,
2020-01-23 03:17:53,False,ㅜㅜㅜ667,태블릿에 깔았는데 실제로는 핸드폰에 까는게 더 중요할것 같아 지웠습니다,5,정말 죄송한데 환불해야할것같아요,
2019-07-28 00:20:23,False,circe@95,얼른 마을 만들고 싶어서 제 시간에 자게 되네요!! 좋은 앱 만들어주셔서 감사합니다~,5,너무 좋아요!!,
2021-01-11 14:15:05,False,yun0456!,일반 알람으로는 평소 잘 일어나지 못했는데 이 어플로 생활패턴을 바꾸는데 큰 도움을 받았습니다,5,추천합니다,
2019-05-04 16:29:45,False,귀찮게 별명지으래,"건물 무너지는 거 보는게 너무 슬퍼서 ㅠㅠ
최대한 자는 시간 지키려고 노력하게되네요 ㅋㅋㅋ
포레스트도 잘쓰고 있는데 이 앱도 잘 쓰고 있습니다^^!",4,귀여워서 지키게 되요,
2021-01-02 12:47:10,False,사용자9372,"숙면하기 좋은 앱

기상시간 변경할 때 확인 메세지가 ‘변경’이 아니라 ‘병경’이라고 뜨는 점만 고쳐주시면 좋을 것 같아요.",5,좋아요,
2021-02-06 06:05:00,False,라꼼마,제 수면에 도움이 되길... 스마트폰 중독도 탈출하고 싶어요,5,아직 사용해보지 않았지만,
2020-05-08 14:02:23,False,귀여운게임,"아이폰 유저고 설정페이지에서 목표 시간 설정 바꿀수 있다는데 
안돼서 변경하려몀 앱을 삭제하고 다시 받아야하는 번거로움이 있습니다. 
아이폰 사용하는 제 동생은 계속 시간 변경이 가능 하던데 제껀 왜 이러는지 모르겠네요. 수정해 주세요.",2,목표시간이 수정이 안되네요.,
2021-02-02 17:16:02,False,밍굴맹글,"취침시간 이후에도 수면시작버튼 누르고 엄격한 모드 쓸 수 있었으면 좋겠어요. 제발요ㅠㅠㅠㅠ
취침시간이 지나면 어차피 지나바린거 그냥 포기하게 되네요.",4,취침시간 이후에도 수면시작,
2021-01-05 00:12:01,False,쫑쩡쫑,"요즘은 시간 맞쳐서 수면할려고하는데
아기자기 도움이 됩니다",5,지키게되더라구요 ^^,
2019-08-01 08:11:27,False,꿀좸,친구랑 같이 소셜로 도시만드는게 너무 재밌어요 ㅠㅠㅠ,5,너무 아기자기 귀여워서ㅋㅋㅋ 멈출수가 없어용,
2019-04-02 06:56:51,False,ㅂㅈㄷ쇼롸ㅓㅐ,"아침에 일찍 일어나는 습관 만들기도 좋고 아기자기 너무 귀여워요!! 두시간 전에 잘 수 있게, 집이 회전되게 하면 좋을 거 같아요",5,너무 좋아요!,
2019-04-25 20:03:51,False,shingyu,"뉴스나 게임같은 중요하지 않은 일인데도 폰을 계속 사용하게 되었는데

이 게임(?) 속 마을이 뭐 중요하다고, 자꾸 신경 쓰여서 일찍 자려고 노력하게되네요.",4,발상이 재밌네요.,
2020-07-08 21:04:10,False,애나고,"그동안 새벽에 폰 하느라 늦게자서 밤낮이 바꼈는데 첫날부터 억지로라도 안하고 자니 바로 고쳐지네요
효과 좋은것 같아요",4,정말 폰을 안하게 되네요,
2019-07-14 22:25:09,False,난나를믿어,밤에 폰 보느라 너무 늦게 자고 아침에 후회하는걸 반복했는데 이거 하고 나서 규칙적으로 잘 수 있어서 너무 좋아요!!!,4,효과 톡톡히 보고 있어요!,
2019-05-08 12:28:26,False,갤럭시W,"너무너무좋아서 반년째 쓰고 있습니다
그런데 자다가 전화가 와서 받으면 건물이 무너지더라구여ㅠㅠ 개선해주세여",4,너무좋은어플이에여,
2019-04-19 13:37:01,False,클라우지우스,"포레스트 너무 잘 써서
이런 수면 어플도 있으면 좋겠다 생각했는데
마침 있네요!
수면 어플도 잘 쓸게요",5,꿀잠자기를!,
2021-01-24 23:44:19,False,이긍정:),소셜클럽 가입하니까 규칙적으로 자고 일어나는 데 도움이 되네요. 건물 생길 때마다 기분이 좋아요 :),4,일찍 일어나는 데 도움돼요!,
2020-07-13 02:32:48,False,백쿠 기다리는 에리,그냥 제가 게을러서 안누르게 되네요.. 원래 부지런한 인간들이 쓰면 기분이 너무 좋으실 것 같네요..,4,너무 다 좋은데,
2020-06-08 22:38:24,False,ㅣ러ㅑㅐ,"저도 이런 어플을 만드는 개발자가 되고싶어요, 또는 아이콘, 그래픽 디자이너!!!!!",5,너무 귀여워요,
2019-07-25 09:57:09,False,ekgzp,"아주 유용한 어플입니다
아기자기하고 예쁘기까지해서 더 좋아요",5,forest 사용하다가 왔어요,
2019-05-02 21:20:12,False,랔띠스웩,포레스트랑 이거랑 같이 쓰고 있는데 확실히 습관이 잡히는 기분이에요 맨날 집 지으려고 열심히 사는 중입니다!,5,와 이거 왜 이제 알았죠,
2019-10-14 14:00:25,False,야호오오오오우,소셜서클은 목표 변경이 불가능한건가요? 제가 방법을 모르는건지 불가능한건지 모르겠네요😭,5,너무 잘 쓰고 있는데...,
2019-04-03 22:36:24,False,오두루덩,근데 원래 자기전에 풀벌레 소리가 났었는데 왜 지금은 안 날까요?? 설정 가도 모르겠네요ㅠㅠ,4,수면시간 규칙적으로 하기엔 좋아요,
2019-07-27 14:37:33,False,집리,오늘 구매해서 해볼 생각이지만 귀여워서 좋은거 같아요 포레스트 앱도 좋았어서 기대해봅니다 ㅎㅎ,5,귀여워요,
2019-04-03 03:56:35,False,누쫘,사실 알람으로써의 기능은 별로라고 생각합니다만 귀여워서 열심히 하는중이에요 크크,5,너무 귀여워용!,
2019-05-24 07:48:10,False,해오니의 리뷰,정해놓은 시간보다 늦게 잠들면 쓸 수가 없어서 자주는 못쓰지만..,5,귀엽고 유용해요,
2018-12-30 14:43:17,False,gooooodlily,"안녕하세요,

건물 지우기 뿐만 아니고 아예 데이터를 처음상태로 세팅해서 사용할 수는 없나요?",4,완전히 리셋도 가능한가요?,"{'id': 6624675, 'body': 'Hi,\nPlease provide us the details and the screenshots of the problem via our in-app feedback system. We will look into this issue. :)', 'modified': '2019-01-01T11:24:52Z'}"
2019-04-19 01:53:08,False,룰고양이,"수면시간이 일정하지 않아서 구입해봤는데, 좋은 습관이 길러지길 기대해봅니다. ^^",5,오늘 구입했지만 기대해보겠습니다 ^^,
2021-10-22 23:58:17,False,펴오다지어슝,게임을 접목해서 그런지 강제성보다는 재미가 더 있어요ㅎㅎ,5,쉽고 재밌어요!,
2020-04-30 15:55:41,False,버박공주,왕추천입니다,5,대만족입니다.. 수면 패턴이 불규칙적이라서 힘들었는데 이 앱 쓰고부처 싹 고쳤어요.!,
2020-04-13 22:44:41,False,재미떠요용,수면 시간 맞추는데 도움이 되는 곳 같아요,5,아직 하루밖에 안써봤지만 좋은 것 같아요 마음에 들어요,
2019-04-11 15:38:20,False,akamndj,아침에 알람 들어도 일어나기 싫어서 힘들었는데 이 어플 쓰면서 건물 얻고 싶고 그러다보니 아침에 알람울리면 정신 번쩍 들어서 효과 좋습니다~ㅋㅋㅋㅋ 내일도 꼭 성공하길~~!!!,4,효과 좋아요!,
2021-07-15 14:56:42,False,둥둥따리,강제성은 별로 없지만 잊어 먹었다가도 다시 하게 되네요 없는거보단 나아요,5,좋아요,
2018-05-15 00:14:26,False,Eun_0610,그런데 기상시간 2시간 30분? 전에 일어났을때 어플 키니까 건물이 파괴됐다고 뜨더라구요 ㅠㅠㅠㅠ.... 조금만 시간을 넓혀주셨으면 합니다,4,좋아요,"{'id': 3481265, 'body': 'Hello, could you contact us via our in-app feedback system so that we can help you with the problem? We apologize for the inconvenience.', 'modified': '2018-05-16T04:05:49Z'}"
2021-08-18 07:38:32,False,Jesusgnade,오늘 처음 받아서 아직 사용해보지는 못했지만 수면에 큰 도움이 되길 바래요!,5,좋아요,
2019-04-02 13:39:01,False,딴통키,잠 잘 시간을 정해두고 핸드폰을 안 만지고 자니 생활패턴도 좋아지고 괜찮은거같아요 그런데 쉬는 날 2개를 정하는게 있는데 정해놔도 무용지물같네요;;,4,좋은거같아요,
2019-04-29 21:32:49,False,호롤오록ㄴㅈㄱ,뭔가 자기 싫어서 핸드폰 하다가 늦게 잘 때가 많았는데 핸드폰 자체를 못하게 되니까 그냥 일찍 자게 되네요! 넘 좋아요>_<,5,진짜 일찍 자게 돼요!!!,
2020-02-10 14:41:07,False,cute_hyeonwoo,아직 안써봤는데 밤에 폰 안하는거에 도움될거같아요,5,다 좋은데 아이폰6s에서 알람음악 선택이 안돼요,
2020-07-14 12:34:04,False,책뷰!!!!최고!!!!,"취침시간 변경할 때 뜨는 메세지박스 ""수면 및 기상시간을 병경하겠습니까?""에 변경 오타 있어요 ! 바꿔주시면 감사하겠습니다,,",4,취침시간 변경시 메세지박스에 오타 수정 부탁합니다,
2022-09-19 21:14:51,False,lsjngl,앱 때문에 강제적이라도 수면 시간을 지킬 수 있어서 좋아용,5,규칙적인 수면패턴 먼들기,
2018-11-12 12:13:35,False,너굴너굴쓰,"forest 너무 잘 써서 이 앱도 잘 써질거라 의심하지 않습니다!
그러나 저도 나무를 받지 못했습니다. 어떻게 해야 하나요?",4,두 앱 모두 유용해요!,"{'id': 5925647, 'body': 'Hello,\n\nPlease go to the settings page of SleepTown and tap on your user name. This will take you to your profile page where you can find the redeem button for ""special Forest house"". Please note that the Forest app should be installed in the same device or the redeem button won\'t appear.  \n\nAnother reason could be you\'ve already obtained the Forest house. Please tap the ""next"" button at the bottom-right corner of SleepTown\'s main page where the ""Next Building"" page will pop up. Once the page has appeared tap on the hand icon where you should be able to choose your next building. See if the Forest house is available . \n\nThank you! :) - Forest', 'modified': '2018-11-13T12:39:48Z'}"
2021-06-06 14:19:03,False,버찌버찌씨,빨리 자려고 노력하는 제가 좋아오,5,덕분에 수면 패턴을 찾고있습니다,
2019-07-24 02:28:43,False,홍이84꼰님,포레스트로 폰사용을 줄이기 시작해서 양질의 수면도 도전해보려고 합니다,5,기대되요,
2019-04-18 02:08:20,False,Ju_danvers,기대하고 있어요 >___< 제 수면 습관 진짜 나쁜데 부디 나아지길 ㅠ ㅠ,5,포레스트앱 너무 좋아서,
2018-09-19 22:24:09,False,피드백 받아새겨라좀,"밤마다 알림이 오는데 그거 때문에 핸드폰 켜지면서
한달째 못하고있네요 핸드폰을 끄면 알람때문에 안돼고 방해모드 해도 화면 켜지는거는 막을수 없는거같네요.... 이거 어떻게 좀 해주세요",3,건물이 안지어져요....,"{'id': 5154251, 'body': 'Hi,\n\nGenerally, it would function normally even if your phone is turned off; however, there might be exception for some phone models.\n\nPlease make sure in advance. \nThank you! :)', 'modified': '2018-09-21T07:31:08Z'}"
2020-03-24 15:29:10,False,듀륭,엄격한 모드를 해제하면 앱을 쓰는 이유가 없어서 해제 버튼이 없었으면 좋겠어요. 너무 좋은데 크게 아쉬운 점입니다.,3,엄격한 모드 해제기능이 불편해요,
2022-06-21 21:03:26,False,SSS+++,위젯에서 바로 건물 건설하기 하는 부분이 있으면 좋을거 같아요,5,위젯이 있었으면 좋겠어요,
2019-04-01 22:25:58,False,디셉티콘이다자식아,기상 알람도 소리도 크지 않고 다음 어플처럼 뭔가 밤새 코곤소리를 녹음해준다던가 그러한 기능이 있으면 어떨까 생각 드네요,3,솔직히 돈주고 산거 아깝게 생각합니다.,
2021-03-13 05:28:55,False,저다여,그런사람들한테는 유용한 앱인것같아요!,5,맨날 핸드폰하다가 늦게 잤는데,
2020-05-01 19:22:22,False,Gigigireal,"성과 탭에서
이게 왜 있는거고 
어떻게 하면 얻는것인지
걍 그림구경만 합니다",4,자세한 설명부족,
2020-04-06 13:35:27,False,콩먹고 난 콩쥐,원래 라싸이클? 모양 누르면 건물 방향이 바뀌었는데 업데이트 후에 안바뀌더라구요ㅠㅠㅠㅠㅠ 오류 수정해주세여,4,슬립타운 건물 방향이 바뀌지않아요ㅠㅠㅠㅠ,
2019-04-28 05:44:18,False,왜이런거죠..,마을을 예쁘게 꾸미다보니 규칙적인 수면 습관이 자연스럽게 만들어지네요.,5,너무 좋아요.,
2020-02-28 15:27:07,False,알리미짱!,8시까지 기상으로 정했는데 8시 6분에ㅜ일어났는데 성공이래요... 왜죠ㅠㅠㅠㅠ 뭘 바꿔야 하나요 엄격한 모드릉 켜야 하나요??,3,기상시간보다 5분 늦게 일어났는데 성공이래요ㅠㅠ,
2019-06-17 15:35:40,False,재밌당 ㅎㅎ,앱을 깔았다고 늘 제시간에 자는것은 아니지만 맞춰서 잘때다 건물이 생기니까 기분이 좋아요 ㅎㅎ,5,좋아요!,
2019-04-05 20:46:01,False,대길이누나,잘 쓰고있어요 잘때 핸드폰 보고 자는게 습관이었는데 의식적으로 핸드폰을 안보계 되니 빨리 잠드는거 같고 푹 잘 수 있는거 같아요,5,잘 쓰고 있어여 ^^,
2021-01-24 17:30:33,False,miiinhk,정말 좋네요! 규칙적인 수면 습관을 가지게 되었어요!,5,와 정말 ! 멋있는 앱이에요!,
2020-05-06 01:10:59,False,Jno00ooo,제 수면을 책임져주는 좋은 어플입니다 건물 퀄리티도 좋고 예쁘고 최고에요!!,5,좋은 어플,
2020-10-22 03:42:12,False,sykimm,이제 시작하는데 이것도 유용할 것 같아요,5,포레스트 잘 이용하고 있어서 이것도 구매,
2019-07-22 12:36:01,False,manurk,미리 건축을 시작하면 그 다음부터는 폰을 못 만지니까 괜히 누워서 폰하게 되는 일이 줄어듭니다,4,잘 쓰고 있어요,
2019-05-22 18:46:18,False,patagonist,자기 전 휴대폰을 안 하게 되어 일찍 잠자리에 드는 습관이 생겼어요! 하지만 일어날 때는 휴대폰을 열심히 흔들고 다시 잔다는...,4,제 시간에 잠자리에 들게 됐어요!,
2020-09-18 16:32:00,False,ㅇㅁㄹㅇㄹㅂㅊㄴㄹㅇㅁ,IOS 14가 업데이트 됐으니 위젯 기능을 추가 해주시면 좋겠습니다,5,위젯 기능,
2019-06-16 06:51:52,False,욕심이스머프,"포레스트 잘 쓰고 있어서 깔아봤습니다
잠자기 전에 핸드폰 하는 습관 고쳐보겠습니다",5,도전,
2019-06-26 02:02:12,False,YongCar,꾸준하게 이용하면 좋은 습관들이기도 너무 좋을 거 같아요,5,알람기능까지 있고 좋아요,
2021-03-22 21:02:30,False,브랜디옷다내꺼,"마을 다 꾸며놨는데 ...
땅 자체가 막 날아갔어요 부분부분....
땅이 날아가니까 그 위에 있던 건물도 당연히 다 없어지고.
열심히 모아서 꾸며놓은건데 날아가니까 너무 화딱지 나요...
복구해주세요 !!!!!!ㅜ",1,아니 저 한것도 없는데 땅이랑 건물이 왜 날아갔어요?,"{'id': 21901727, 'body': 'Hi, sorry for the problem caused. Could you please contact us via in-app feedback and tell us more details about the problem? Please also let us know your phone model and app version. Please provide screenshots/videos showing the problem if you can. Thank you!', 'modified': '2021-03-27T22:11:08Z'}"
2019-04-02 22:06:58,False,lanoirrr,클럽 기능은 세부적으로 자는 시간을 다르게 못맞추는점이 아쉬워요,5,일찍잘수있어서 좋아요,
2019-08-15 15:22:31,False,sooosoooo00,너무 소리가 작아요 ㅠㅠ,5,이거 켜면 다른 알람어플은 안울리나요...????,"{'id': 10188563, 'body': 'Hi, thank you for your support. Alarm clocks that go off before your wake-up goal will not affect your building. :) - SleepTown', 'modified': '2019-08-15T19:12:44Z'}"
2019-06-29 14:09:07,False,영수증어디서찾으라는건가요,"잠을 못자서 깔았는데 억지로라도 자게되니 좋네요.
시간이 안맞더라도 다른 사람들과 마을을 만들 수있게해주시면 더 재밌을거같아요",2,규칙적인 수면에 도움이 되요,"{'id': 9866900, 'body': 'Hi, thank you for the feedback. As SleepTown aims to help users maintain a regular sleep schedule, you won\'t be able to use your phone once you tap the ""Sleep"" button, but you can do such things as meditation to help with sleep as long as you don\'t use your phone. You can also create a ""circle"" in SleepTown and invite your friends to join it and build a wonder together. Further information can be accessed in the tutorial of the Settings page. Thank you! :) - SleepTown', 'modified': '2019-07-26T17:16:12Z'}"
2020-10-30 14:13:00,False,잠자는숲속의공쥬,슬립타운도 포레스트처럼 위젯 만들어 주시면 더 좋을 것 같아요 ㅎ.ㅎ,5,위젯 만들어주세요!,
2019-02-21 07:05:08,False,ㅇ롯ㅇ오ㅓㅑㅕㅅ,근대 ㅠㅠ 제가 교대 근무라 늘 자는 시간이 달라서 이런건 따로 부분을 만들수 없으실까요?,5,아 어플이 좋아요,
2019-04-19 06:24:07,False,머어그,딱히 잠금인 것도 아닌데 그다음날 새로운 집 보려고 핸드폰을 안하게 되네용 ㅋㅋㅋㅋㅋㅋ,5,왠지 집짓고 싶어,
2018-08-27 16:41:31,False,yeji deji,"건물위치도 옮길 수 있고 여러 꾸밀 것들을 구매할 수있는 재미가 있을 것 같아 구매했늨데 제껀 없네요? 
그것빼곤 좋아요",3,제 슬립타운 어플에는 상점이 없는데 봐뀐건가요?,
2019-04-08 18:52:49,False,두유아하!,"수많은 알람 설치 했는데 
일어나는 것보다 자는 시간 맞추는게
일찍 일어나는 방법이더라구요",5,수면 습관 많이 고침,
2019-05-07 00:48:41,False,뜨1837,건물 짓는 재미로 기상시간 맞춰서 잘 일어나고있습니다,5,아기자기하고 예뻐요,
2019-04-12 22:25:31,False,개미13,잘때 핸드폰 하다보면 1-2시간 훌쩍지나는데 이 어플로 일찍 자요,5,좋아요,
2021-10-14 01:07:44,False,딸기새끼,공부하는 사람에게 최고의 어플입니다!,5,좋아요!,
2019-06-15 06:26:36,False,물고기야,알람으로서의 기능은 좀 더 개선하면 좋겠지만 아이디어가 아주 좋습니다.,4,좋습니다,
2019-05-24 05:39:19,False,코끼리끼리코,이 어플 덕분에 자기전에 핸드폰 만지는 습관 완벽히 고쳤네요-!,5,강추 어플-!,
2019-04-04 20:16:53,False,레드나다,재미없는건 역시 게임식으로 만들어야 최고인겁니다,5,매우 흡족 수면관리에 최고,
2022-05-18 00:40:27,False,정공장,잠을 조금만 자서 고민이었는데 좋은 어플이에요,5,만족스러워요,
2019-02-14 21:08:26,False,꼬막비빔밥,조금 복잡하지만.. 할만해요 그리고 습관이라는게 정말 무서움,4,소셜하면 더 재밌습니다!,
2021-02-12 23:31:25,False,dddddoop,알람이 안울리는데 소리를 설정해놔야하나요? 기대하고 구매했는데 알람이 안울려서 첫날부터 망했네요.::,3,기대하고샀는데,"{'id': 21193424, 'body': 'Hi, sorry for the problem caused. Please contact us via in-app feedback for us to assist you further. Please let us know your phone model and app version, and provide screenshots/videos showing the problem if you can. Thank you!', 'modified': '2021-02-21T15:40:28Z'}"
2019-01-31 22:15:11,False,ㄷ깨,"서클을 만들었는데 사람이 많이 모여서
서클을 없애긴 어렵고 시간만 좀 변경하고 싶은데 아무리 찾아도 없네요..
변경을 못하나요?",4,혹시 소셜서클 시간 변경 못하나요?,"{'id': 7112584, 'body': 'Hi,\nthe sleeping time of the circle is associated with the sleepgoal of the circle itslef. (There should be reminders remind you about this before joining the circle) We kindly ask for your understanding and feel free to contact us via our in-app feedback system if there si any other questions! :)', 'modified': '2019-02-01T08:30:51Z'}"
2021-03-02 00:03:49,False,ㅗㅗㅎㅎㄹㄹㄲ,환불 부탁드려요.,5,어플이 작동을 안합니다.,
2020-01-05 12:14:12,False,주열매임당,"잠자기전에 핸드폰 안만지고 잘수있어서 좋고
건물들 귀여워요",5,좋아요,
2019-04-17 22:35:28,False,글로리아초이스,"오늘은 어떤 건물이
지어졌을까 기대도 되고
잠들고 일어나는 일상이 즐거워졌어요 ^^",5,아침에 일어나는게 즐거워요,
2019-06-10 16:00:59,False,Superracoondog,이거 깔면 편히잡니다 강제로 잘 수 있어요 ㅋㅋㅋ 그게 바로 장점입니다. 굿밤,5,꿀잠 예약,
2019-04-03 22:43:22,False,며뮤,"매일 건물 하나씩 올리는 재미가 있어요
덕분에 밤에 폰 만지는것도 줄었어요",5,좋아여,
2018-10-12 05:34:03,False,akdnbenej,"포레스트 에서 보고 슬립 하우스 받아 설치하고 
아이디를 눌러 트리하우스도 눌렀는데 
포레스트에서는 아무것도 뜨지 않네요. 

포레스트에 트리하우스 열리는 거 아니었나요?ㅠㅠ",3,forest 랑 연동이 안됐네요,"{'id': 5482867, 'body': 'Hi,\n\nThank you for your question.\nThe tree house would only appear in SleepTown.\n\nFeel free to contact us if you have further questions. :) - Forest', 'modified': '2018-10-13T07:17:59Z'}"
2019-07-31 22:55:45,False,mditdct,생각보다 잘 일어나게 되네요!! 적극 추천합니다~ ㅎㅎ,5,귀여운 앱!,
2020-05-03 04:27:23,False,지원rk,알람기능이 너무너무 부실해요ㅠㅠ 앱 내의 자체적인 시끄러운 소리가 있음좋겠어요ㅠ,4,알람기능이 너무 부실해요,
2019-04-05 21:59:16,False,Altogram12,처음엔 건물 때문에 나중엔 연속일수 때문에 꼬박꼬박 자게 돼요 규칙적으로 수면습관 들이기 좋습니다,5,수면습관 들이기 좋아요,
2022-01-19 06:42:51,False,래모래,성공적이면 좋겠네요 :) ㅎㅎ,5,일찍 일어나고 싶어서 구매해봤어요,
2020-06-09 02:56:49,False,개장수3,쓰기전에 휴대폰을 손에 놓지 못했는데 나아졌네요 ㅎㅎ,5,다행입니다,
2019-06-10 13:57:13,False,박제인,건물이 다 앞만 바라보고 있네요. 건물이 바라보는 방향 돌려서 마을 꾸밀 수 있게 하면 좋을 거 같아요.,4,건물 방향 돌리기,
2019-06-06 14:59:08,False,이진욱귀요미,"근데.... 증말  요일마다 다른 시간에 일어나는 사람은 힘듭니다ㅜㅜ
시간 바꾸면 취소돼서ㅠ",4,젛아요,
2020-08-28 21:10:31,False,원폴,기상패턴과 수면패턴을 체크하고 조절할 수 있어 아주 유용해요,4,좋은 어플입니다!,
2019-04-16 22:34:44,False,은잎말,핸드폰 보는거땜에 잠 못자고 그랬는데 건물 키우는맛에 자게되어 좋은거같아요!,5,조ㅗ아요,
2019-04-02 05:44:33,False,ㄷㅅㅎㄱ,밤에 딴짓하느라 늦게자고했는데 집지어야겠다는 생각으로 일찍 자게되요,5,너무조아요,
2019-06-10 02:31:33,False,눃ㅊㅇㄱㅅ,처음에는어색했지만괜찮은 앱같아요,5,괜춘한듯합니다,
2019-05-14 07:06:05,False,초코는 허쉬지,저같이 수면시간대가 불규칙적인 사람한테 꼭 필요한 어플이예요!,5,너무 좋아요,
2019-05-14 01:52:36,False,쏘.,Forest 앱 사용자에게 주는 숲속의 작은집 어떻게 받나요??,5,Forest 앱 사용자인데요,
2019-04-08 11:37:10,False,떼떼니,정말 큰 도움이 됏어요 조금 더 강제적인 측이 있었으면 좋겟어요,5,생활 습관 잡는데,
2019-07-31 01:07:39,False,미닝💕,마을이 이쁘게 꾸미는게 기대가 되서 정해둔 시간에 잠자고 일어나게 되네요 ㅋㅋ,4,귀엽네요,
2021-08-03 00:14:37,False,눈감으면아침,규칙적인 수면에 도움이 돼요,5,유용하게 잘 쓰고 있어요!,
2020-11-11 13:59:31,False,안드레기드,좋아요 !! 근데 상대방자고있는거 소셜에서 안뜨는데요?,5,굿귯,
2019-08-30 14:41:10,False,cheekbreaker,앱 자체도 너무 좋은데 고객서비스도 빠르고 친절해서 더 좋아졌어요,5,좋아요,
2019-05-06 16:21:27,False,pureyogurt,"수험생인데 수면 패턴 지키기에도 좋고
아기자기 재밌네요",5,유용한 어플,
2018-10-23 23:34:58,False,깡끼님,동기부여를 통해 규칙적으로 자게 만드네요 아주 좋아요 !,5,자고나면 어떤 집이 지어질까 기대 ㅎㅎ,
2019-09-26 23:28:14,False,수면습관,"앱으로 제 수면습관이...
좋아졌어요!
추천합니다.",5,좋다!!,
2021-07-18 05:57:04,False,앱 리뷰함,"건설을 할려고 들어갔더니 건설을 하려면 충전을 시켜놓고
자야 한는 앱 입니다. 누가 밤에 폰을 켜놓고 충전 케이블을 연걸하고 자고 있을까요? 일단은 불빛 때문에 반해되고
발열이 생기고 도움이 하나도 안되는  앱 입니더",1,건설하려면 충전시켜야 하는 쓰게기 앱,"{'id': 24113012, 'body': 'Hello,\n\nThank you for your feedback, we will take this into consideration. :)', 'modified': '2021-07-25T14:06:56Z'}"
2019-04-14 15:07:22,False,뭐가 이렇게 중복,그치만 소셜서클 퀘스트를 못하고있음ㅠㅠ,5,모으는 재미가 있네요,
2019-05-10 00:57:50,False,오홍ㅇㄸㄹㅍㅍ,알람이 1개밖에 없는게 아쉽다 알림이너무 조용해서 못듣고 계속잠,3,아이디어는 좋은데,
2019-04-27 06:56:29,False,바운스볼 처음 하는 사람,근데 너무 엄격해서 1분 늦어서 집 부시는 불상사 발생시 좀 화남,4,잘때 폰하는거 막기 좋아요,
2019-04-04 09:42:59,False,쩨피,"핸드폰을 하지않깅해 시작했는데
늘려가는 재미가있네요ㅋㅋㅋ",5,"밤에,,,,",
2020-10-16 22:18:02,False,재현박,이제 겨우 2일차지만 폰과 떨어져 잘자고있어요,5,ㅎㅎ건물 지으려고 일찍자게됐어요,
2021-02-10 07:35:36,False,Toby0414,밤 늦게 폰 보는 거 자제하려고 구매했는데 너무 좋네요,4,밤에 폰 사용을 안 하게 돼요,
2019-04-25 08:16:47,False,rosek0528,이어플깐이후로 항상 정해진시간에 자고 일어나요 도움이엄청많이됩니당❤️,5,좋아요,
2019-04-23 21:52:25,False,plancbc c,"포레스트가 꽤 효과가 있었는데
이 어플도 좋았으면 해요",5,잘 써볼게요,
2019-05-11 17:21:57,False,쪼아요우,성취하는 즐거움이 있습니다. 아이디어 굿굿,5,아기자기하고 재밌네요,
2019-06-24 04:01:08,False,냥냥이언니,최고..수면 패턴을 바로 잡았습니다..,5,건물이 너무 예뻐요,
2019-11-09 01:10:59,False,짱구김뜌야,"좋은 어플같지만 사용을 안할꺼 같아요 
환불 해주세요",5,환불,
2019-07-27 02:58:15,False,서연이얌,규칙적인 습관을 위해 시작해보려구요~^^ 기대되네요~~,5,기대됩니다,
2019-08-13 16:08:27,False,dndjxjfkdkm,"아이폰 6s 사용자 입니다
화면을 잠금하거나, 화면이 꺼지면 건물짓기에 실패했다고 뜹니다. 쓸 수가 없는데 오류인가요?",1,안되네요,"{'id': 10188601, 'body': ""Hello, sorry for the inconvenience. This issue has been resolved in the latest version (v.3.2.3). Please update to the new version, and your buildings won't collapse again after your phone is locked. We'd really appreciate it if you update the review and rating when you've seen the improvement. Thank you! :) - SleepTown"", 'modified': '2019-08-15T19:16:25Z'}"
2019-05-02 13:20:33,False,YUN can do it,기대하면서 오늘 사용해 볼 계획이에요🥳,5,추천으로 깔았어요,
2019-05-17 03:09:49,False,wkoyote,"이게 뭐라고 꼬박꼬박 잠들고 일어나게 되는건지ㅋㅋㅋㅋㅋ
멋진 앱 감사해요!",5,흥미로워요,
2019-09-21 02:00:20,True,skea28,여전히 늦게 잠들 때가 많지만 가끔 성공하면 정말 귀여운 집이 생깁니다.,4,귀여워요,"{'id': 10785434, 'body': 'Hi,\r\nCould you please contact us via the in-app feedback system so that we can investigate the problem further? Thank you and sorry for any inconvenience caused.\n- SleepTown', 'modified': '2019-09-21T02:00:20Z'}"
2019-04-23 00:25:00,False,베니토,올빼미 체질 이 어플 덕분에 고치고 있어요,5,재밌고 수면관리에 도움이 많이 됩니다,
2019-07-12 02:53:33,False,민뚜미,예쁜 건물들이 지어지니 시간내에 자려고 하게 돼서 좋네요!,4,추천합니당,
2022-02-16 23:04:37,False,이코루,건물 지으면서 꾸미는 거 재밌네요!,5,수면패턴 지키기 좋아요!,
2019-04-03 02:47:38,False,another room,"이 앱 사용하니까 아침에 일어나는 게 재밌고, 일찍 일어나게 되는 것 같아요! 좋은 앱 감사합니다!👍🏻",4,좋아요!!!,
2019-08-13 13:47:51,False,power of advena,이것깨문에 잠을 잘 수 밖에 없어요. 습관들이기 좋아요.,5,중독성이 강해요,
2021-10-11 15:33:23,False,역겜,사소한 오타 몇개 있네요 나머지는 이뻐요~!,4,오타 수정 부탁드려요 (병경->변경),
2019-07-31 12:48:52,False,뉴뉸누,취침 스터디로 잘 이용하고 있습니다.,5,아주좋아요,
2019-07-23 07:20:35,False,양포포,깔끔한 디자인 좋네요 수면패턴 잘 지켜지길 기대해요,5,오늘 받았어요,
2021-03-03 00:29:47,False,귀염둥이뿌잉뽕,다른 사람들과 그룹활동 하는 것을 여러 그룹과 할 수 있었으면 좋겠어요,3,기상과 수면은 완료,"{'id': 21539560, 'body': 'Hello,\nThank you for your feedback. We will forward your suggestion to our team.', 'modified': '2021-03-09T12:03:00Z'}"
2019-04-14 23:37:08,False,진진자라 지리지리자 헤이,나무 키우는 거랑 같이 샀는데 맨날 열심히 하는 중!,5,너무 귀여워요!!,
2019-06-09 00:11:32,False,cugle,"분명 기상했는데 건물 무너진 경우 있습니다
그거 빼면 기상하는데 도움 많이 줍니다",4,렉이 있습니다,
2019-05-27 22:59:03,False,yum1605,일부러 건물 지으려고  규칙적인 시간에 자고 있어요~ 너무너무 좋아요,4,규칙적인 수면시간을 위해서,
2021-02-13 14:12:07,False,조이리퐁,잠자는 시간을 규칙적으로 만드는 것에 매우 효과적,5,좋아용,
2019-05-03 09:38:40,False,JAN-D@,이 어플 덕분에 자기전에 행드폰 안봐서 금방 잠들고있어요 ㅎㅎㅎ,5,조아용,
2019-08-11 22:56:23,False,anistar00,"건물 짓고 화면 잠금 하면 건물 공사 됐었는데 업데이트 이후 건물이 지어지지 않습니다 아침에 알람도 울리지 않고 건물도 짓지 않았다고 뜹니다 ㅠㅠㅠ 
오류 수정 해주세요 아이폰7 입니다",1,건물 공사가 취소 됩니다 ㅠ,"{'id': 10188610, 'body': ""Hello, sorry for the inconvenience. This issue has been resolved in the latest version (v.3.2.3). Please update to the new version, and your buildings won't be cancelled again after your phone is locked. We'd really appreciate it if you update the review and rating when you've seen the improvement. Thank you! :) - SleepTown"", 'modified': '2019-08-15T19:17:05Z'}"
2019-05-29 02:38:46,False,공옥철,잘 이용해 볼게요 일러스트 아기자기해서 꾸밀맛이 나요~,5,맨날 못깨서 결제,
2019-04-03 03:13:01,False,목포여라,"잠도 자고~ 마을도 만들고~
잠드는것도 목표가 되어서 규칙적으로 잘 수 있게됐내요~^^",5,잠도 자고~ 마을도 만들고~^^,
2019-04-28 18:59:10,False,쿠레렐ㄹㄹ레,정해진 시간에만 수면버튼 누를수 있다는게 아쉽지만 그래도 만족,4,대만족한는중,
2020-04-13 14:36:18,False,energizer.bunny,포레스트 어플 생각나네요,5,아기자기하고 귀여워요,
2019-07-12 01:48:22,False,Una_J,건물 모으는 재미에 빨리자게 돼요,5,진짜 효과가 있네요,
2021-05-01 15:21:09,False,고양이최고존엄,포레스트처럼 똑같이 위젯이 있었으면 좋겠어요,4,위젯 추가해주세요,
2021-01-23 11:49:44,False,리틀비감,소셜 서클 목표시간 사람들끼리 서로 다르게 설정하게 해주세요 ㅜㅜ,4,소셜 서클,
2019-07-14 03:03:51,False,플래너에스,"규칙적으로 자는데 도움이 되네요
한 번 해보세요",5,취침 도움,
2020-09-19 14:36:15,False,횬가,완전 좋아요,5,죄책감없이 잠을 잘 수 있게 도와주는 앱,
2019-04-06 23:40:04,False,Mylieblings,화면이 돌아가서 불편합니다. 그외는 귀엽고 좋습니다.,4,빅 타운 볼 때 불편해요,
2019-04-14 21:52:37,False,너너니ㅏ,핸드폰하느라 늦게자는거 고치기 좋네요,5,잘쓰고있어요,
2019-04-27 23:27:07,False,박난hi,"자꾸 핸드폰 때문에 늦게 자서 삶의 질이 너무 떨어집니다 

변화해보고자 슬립타운 시작했습니다 

어제밤에 시작했는데 아침에 일어나서 나만의 건물이 지어진다는게 동기부여가 되네요 재밌어요~! 
타운 그림도 귀엽고 일어날때 알람 소리도 평화롭고 좋아요

꿀팁이라면.. 아이폰이랑 연동 되어있는 아이패드에도 슬립타운다운로드 했습니다 
핸드폰 안하면 아이패드 하다가 늦게잘것같아서요

좋은 어플 만들어주셔서 감사해요🥺",5,동기부여 됩니다,
2020-03-04 02:35:56,False,dhdhdhsjjdj,지금 소셜서클 하고있는데 들어가기만 하면 동기화 실패했다면서 아예 확인이 안되네요,1,동기화에 실패했다고 자꾸 오류가 떠요,
2021-02-12 09:20:04,False,enfnenfn,수험생인데 수면패턴 잡히니까 너무 좋네요ㅠㅠ,5,너무좋아요!!,
2019-04-14 23:05:48,False,qpwidkfuebzkslclc,성취욕을 고취시키는 어플. 잘 쓰고 있습니다,5,도움되는 재밌는 어플,
2021-01-07 04:22:20,False,kaynekimberley,"Forest처럼 위젯은 없나요??
위젯 나왔으면 좋겠어요!!",5,위젯,
2019-04-03 21:38:24,False,petboy74,이거 하나만으로 피곤함이 많이 줄었어요,5,자다깨서 폰을 안보게 됐어요,
2019-05-08 23:22:20,False,Daniarian,좋아가주구 슬립티운도 구매했어요 도움이 되는 것 같아용,4,포레스트 이용하다가,
2019-04-29 07:38:07,False,꾸에스티오,덕분에 잠늦게까지 안자고 스마트폰만지던 습관 그나마 줄일 수있어요~!,4,좋아요,
2019-04-08 23:57:46,False,익명튀김,시작이 좋군요,5,건물 무너질까봐 기상시간 30분 전에 일어났어요,
2019-06-26 19:34:11,False,닌눈닌,제 자신에게 졌습니다...,4,앱은 좋지만 제 생활습관이 말을 안듣네요ㅠ,
2021-04-06 01:57:54,False,ㅂㅇㄹ ㅂㄱㅇ ㅂㅋㅋ,"오늘도 잘 자고 일어났는데 건물이 무너져있고, 소셜 점수도 안올라요(이건 몇달전 상황)

알람때문에 꺼진건가 싶은데
원래앱을 나가도 건물이 무너지지않기로 설정 기능이 있어서 찾아봤더니 없어요

고객센터는 문의해봐도 답변이 없고요",5,어플 다 좋은데 문제점이 간혹 있어요,
2020-09-14 21:37:50,False,타타냠,잘때 폰도 안보고 닥분에 정해진 시간에 푹잘수잇어요,5,좋아요,
2019-05-17 14:20:19,False,다별명이머옽,"예 너무 예쁩니다
사십쇼 사세요 사시옵소서
100번 사세요 
아니 그냥.... 예쁘다고요..",5,😉😉,
2019-07-31 17:03:26,False,지토쓰,"귀요미 아기자기 너무 아이디어 좋네요
오늘 구매했는데 기대돼요",4,.,
2019-04-03 23:10:07,False,가쟈쓰,도움많이받고있어요 슬립타운짱,5,진짜 좋은거같아요,
2021-02-10 12:38:38,False,체리냥냥이,수면 습관을 바로 잡으려고 설치했어용,5,좋아요,
2021-02-05 18:55:51,False,CHONGX2,수험생인데 밤에 폰보는 시간 줄이려 쓰는데 좋아여,5,좋아용,
2019-07-01 03:15:00,False,blueskycwjjjj,"알림도오고 수면을 도와쥬는 음악에
시간대별로 화면도달라지고
건물도 아기자기하고
한가지 아쉬운건 건물 위치를 지정할 수 없다는거랑
땅 확대가 안된다는게 좀 아쉽네요 ㅎㅎ
처음엔 적응안되는데 이제는 습관처럼 해요
잘때 휴대폰을 안보니까 잠도 더 푹자는 것 같아요",5,오호,
2019-04-24 19:21:32,False,챠유티러,잠 잘때 핸드폰 해서 규칙적인 습관 만들려고 사봤어요,5,좋아요,
2019-06-17 03:21:57,False,동ㅁㅋ,수면을 규칙적이게 도움을 주길 바랍니다,5,정말 젛아요!,
2020-12-10 14:03:02,False,ujinwow,일찍 일어나게 되요. 감사합니다!,5,잠을 잘 자서,
2020-04-09 00:21:25,False,__dd,이유가 뭘까요,4,수면목표를 달성했는데 소셜 서클에는 기여가 안돼요,
2020-04-29 00:52:05,False,ij1928365,건물 모으는거 너무 재밌어요 ㅠ ㅠ,5,좋아요!,
2019-07-23 23:41:47,False,장기팔러가눈사람,을 알려주는 좋은 친구입니다,5,수면의 중요성,
2019-05-15 01:06:15,False,온미버노,집짓기위해 억지로라도 자게됩니다.,5,너무 괜찮습니다.,
2019-04-03 23:11:30,False,랄라라라34,꾸준히 하고있는데 건물 모으는 재미가 있네뇨,5,재밌어요,
2019-04-10 08:57:18,False,광고마스터,잘못 이해해서 포레스트 유저는 슬립타운 무료인 줄 알고 다운 받으뮤ㅠㅠㅠㅋㅋㅋㅋㅋㅋ 이왕 받은 거 오늘부터 잘 써볼게요,3,잘못 이해해서,
2019-06-20 17:11:48,False,헿하우라러헤헿,건물부서지는거 생각보다무섭,5,맘에들어여,
2019-07-10 23:18:55,False,나나나ㅏㄴ다,저기전이 의식적으로 폰을 덜보게 돼요,5,좋아욤,
2019-06-29 22:32:02,False,wonys5,맨날 늦게 자다가 이거때문에 겨우 일찍 잤네요,5,좋아요,
2019-08-07 17:43:14,False,chel_eee,ㅠㅠㅠㅠ제발 사용하게 해주세요ㅠㅠㅠㅠ어플도 샀는데ㅠㅠㅠㅠ 폰사용만 안하고 잠금하면 된다면서 잠금해두면 몇초후에 바로 공사취소알람이 떠요......공사하게해줘...,1,잠금하면 자꾸 공사취소됩니다,"{'id': 10188621, 'body': ""Hello, sorry for the inconvenience. This issue has been resolved in the latest version (v.3.2.3). Please update to the new version, and your buildings won't be cancelled again after your phone is locked. We'd really appreciate it if you update the review and rating when you've seen the improvement. Thank you! :) - SleepTown"", 'modified': '2019-08-15T19:18:29Z'}"
2019-02-23 05:55:57,False,mi1kyway1,"설정에 보니 난이도 조정이라고 있는데
이건 어떤기능인가요?",4,난이도 조정은 어떤기능인가요?,"{'id': 7445852, 'body': 'Hi,\nWould you please contact us via our in-app feedback system? We could help you to resolve your problem! :) SleepTown', 'modified': '2019-02-25T07:43:33Z'}"
2021-12-03 23:17:15,False,갑분광,"7일 연속으로 성공했는데, 왜 티켓이 안 들어와요?!",3,"7일 연속으로 기상 성공했는데, 티켓이 왜 안 들어와요??","{'id': 26724800, 'body': 'Hi there, so sorry for the inconvenience! Could you please reach out to us via the in-app feedback system so we can assist you further? Thank you.', 'modified': '2021-12-09T01:33:10Z'}"
2019-06-11 04:28:50,False,최정윤❤,마을 꾸미려고 잠드는 시간 꼭 맞추는거같아용 ♡♡,5,효과좋아용,
2019-05-05 07:10:52,False,유리리링링,덕분에 규칙적인 수면 습관 형성이 가능합니다,5,좋아요,
2021-05-29 18:06:44,False,변규리규리,환불부탁드립니다 결제취소용 ㅜㅜ 잘못 결제했어요,3,환불이여,"{'id': 23219024, 'body': 'Hello,\nAs our app is a virtual product, we cannot provide you with a refund once the purchase is made, unless there are serious flaws or that the app is not functioning properly. Sorry for the inconvenience. ', 'modified': '2021-06-06T13:29:01Z'}"
2021-01-13 13:37:05,False,ㅗㅓ아,"동기부여 팍팍
수면리듬이 항상 불규칙했는데 좋아요",5,굳굳,
2019-07-10 11:17:12,False,hwayah,잘 맞았으면 좋겠네요~,5,처음 사용해보려구요~,
2020-07-04 03:53:59,False,룰루랄라데자와,ㅎㅎ,5,수면패턴 잡는데 도움이 되었으면 좋겠네요,
2019-05-14 07:52:55,False,벴코야,좋다고해서 받았어요 이것저것 눌러보고적응중입니다,4,아직적응중이요,
2019-05-01 23:14:30,False,ㅎㅈ23요,건강한 수면습관 가질 수 있었으면 좋겠네요!,5,재밌어요,
2019-06-18 02:16:08,False,딩딩딩댕,건물짓는 재미로 제가 일찍자게될줄은 몰랐네요 만족이요!,4,좋아요,
2018-10-12 15:28:59,False,한국고양이,처음 페이지에 폰을 다룬곳’이’ 둡니다  로 되어있네요ㅎㅎ,5,오타 있어요!,
2019-04-17 07:09:41,False,리리원,밤에 자기전에 스마트폰 안하려고 구매햇어요,5,좋아요,
2019-05-26 12:24:13,False,아이패드제발요ㅜㅜ,밤에 자꾸 핸드폰 하느라 늦게 자서 깔게 되었어요!,5,잘 써볼게요!,
2019-07-15 16:55:30,False,레번클로,묘한 어기때문에 폰을 내려놓게되네요!,4,잘 쓰고있어요!,
2020-07-15 07:34:08,False,조성주123,잘 쓰고 있습니다,5,수험생 기상 습관잡기 최고의 앱,
2019-04-14 23:01:23,False,봉보로롱,잠자는 시간이 규칙적으로 바뀌었어요!!,5,좋아요~~,
2022-06-11 22:58:48,False,청춘fc6,늦게 유튜브 보는습관을 고치려고 깔았습니다,5,생활습관,
2019-04-07 23:48:26,False,thrmsdl73,습관만드는데 도움이 되네요:),5,VERY GOOD!,
2021-06-19 13:23:47,False,푸푸푸푸리리리리,건물 세우는 재미가 쏠쏠하네영,5,좋아용,
2019-07-21 20:39:43,False,heewoo2185,수면 일정하게 유지시켜주는 좋은 앱!,5,좋아요,
2019-10-08 22:11:39,False,씨트릿,소리가 너무 작네요.. 소리크기ㅜ개선해주세요,4,알람기능,
2019-04-01 23:04:54,False,owieuhns,"유료 어플은 처음인데
아주 잘 사용하고 있어요
벌써 23일째 연속 성공 중입니다

추가적으로 일어날때 게임같은게 조금 더 어려웠으면 해요
잠이 확 안깨서 비몽사몽으로 집 확인할때가 많거든요",5,올바른 수면 습관 만들어주는 좋은 어플!,
2022-08-16 14:47:31,False,스느드,수면습관 만들기 좋은것같아요👍🏻,5,후기,
2019-05-08 12:31:26,False,검암용용,매우 만족합니다,5,슬립타운 꾸준히 하게 되여,
2017-12-21 16:39:35,False,ㄷㅇㄷ우,"더 꾸밀수있게 해주세요
요일별 설정 있으면 좋겠어요",5,좋아요,
2019-05-05 16:38:22,False,leedomy89,추천합니다,5,애착을 갖고 이용하게 되는 앱,
2019-04-15 15:16:10,False,찬찬222,"오늘부터 시작해보랴구여
제발 일찍 잘 수 있디를",3,아직 안써봤는데 조아요,
2022-07-18 22:01:03,False,아이폰이이포씩스플러스,강제로 셧다운되면 더 좋을거같아요,4,좋은듯,
2019-04-12 23:30:46,False,hahahahahahahara,생활 패턴 돌려놓는데 최고입니다!,5,좋아요!!,
2019-07-28 22:03:58,False,ganymedian,수면패턴 잡는데 늘 힘들었는데 동기부여 하기 좋아요!,5,좋아요,
2019-07-28 10:53:03,False,yeoni(여니),잘쓰고 있습니다!,5,너무 조아요!❤️❤️,
2019-04-06 15:00:14,False,jja715,어플 디자인들이 너무 귀여워요!,4,잘사용할게요,
2021-01-07 16:17:41,False,감귤깡,"정말 좋아요 하지만 소셜서클을 하나가 아니라 여러개 가입 할 수 있게 해주셨으면 좋겠습니다
병경도 변경으로 오타 수정해주셨으면 합니다
그 외에는 너무 만족해요!! 정말 훌륭한 앱인 것 같아요
I wanna join a variety of social circle!
And I wanna revise the typo “병경”➡️”변경”
Thx!!💕",4,Goooooooooooood,
2019-04-27 21:40:19,False,Djsjssk,은근 동기부여 강하게 되네요!,5,좋아요ㅎㅎ,
2019-04-26 21:13:42,False,룬루아야,포레스트 쓰고 좋아서 이것도 구입했어요.,5,좋아요,
2021-04-12 04:59:48,False,rin heo,일상생활 습관에 대한 도움됩니다~,5,좋습니다,
2019-06-07 06:54:00,False,서울사랑,밤늦게 핸드폰 보는 습관이 없어졌어요,5,최고에요,
2019-04-25 22:46:14,False,kicas988,제가 건물을 부숴먹는것만 빼고...😂,5,좋아요,
2019-05-01 02:27:18,False,고냥이고냥이,집이 아기자기해서 모으고 싶은 마음이 생겨요ㅋㅋ,4,귀여워요,
2020-07-04 01:49:02,False,드르렁드르렁드르렁대,ㅇ하동문,5,포레스트도 하는데 겁나좋음,
2018-11-19 10:54:40,False,G1::,"중국어에서 영어로 바꿀 수 있는 방법이 없나요?
다시 재설치해도 똑같네요",1,"가족공유해서 받았는데, 중국어로 나와요","{'id': 6023233, 'body': 'Hi,\nPlease go to your phone Settings > General > Languages, and remove the undesired languages from the Preferred Languages section.\nFeel free to contact us again if you have other questions. :) - Forest', 'modified': '2018-11-20T10:25:06Z'}"
2020-08-14 01:58:10,False,라걀영,아이폰 아이패드 연동 되었으면 좋겠네요,4,애플 연동,
2020-05-19 13:03:50,False,최그래,마을만들고싶어서 시간맞춰 자게댐 ㅋㅋ,5,마을만드는 재미,
2019-07-22 02:08:53,False,샤몽샤몽,귀엽고 키우는 맛이있네요,5,덕분에 꿀잠자요,
2019-05-30 00:26:45,False,곰돌이푸우야,수면시간이 규칙적이게되어 좋아요!,5,추천해요!,
2021-01-13 12:09:03,False,미림도,수면 규칙도 가지게 되고 넘 이뿜,5,저아요,
2021-03-14 23:27:35,False,자자벌레,핸드폰 보는 습관도 줄이고 너무 좋아요,4,만족,
2021-03-24 03:24:27,False,뀨큐큐큐뀨,"못 없애면 포레스트처럼 그룹 가입하면 못하게 하거나요..
효과가 하나도 없어요..",1,엄격한 모드 해제 못하게 해주세요,"{'id': 21901728, 'body': 'Hi, sorry for the problem caused. Could you please contact us via in-app feedback and tell us more details about the problem? Please also let us know your phone model and app version. Please provide screenshots/videos showing the problem if you can. Thank you!\n', 'modified': '2021-03-27T22:11:28Z'}"
2019-05-13 05:10:56,False,여우팽팽,맨날 폰하다가 늦게잤는데 조아요><,5,좋아뇨!!!,
2019-04-01 21:59:05,False,루톰,예쁜 건물들도 많고 수면 습관 만드는 데 좋아요!,5,넘 좋아요,
2022-10-11 21:01:13,False,썬믠,좋아요‘,4,잘때 핸드폰을 안 만질 수 있어서 좋아요!,
2019-01-17 22:48:12,False,꽁 승,건물 모으는 맛도있고 잠습관 고치는데 최고인것 같아요!,5,잠습관 고치는데 최고에요!,
2021-06-04 03:46:48,False,leemj7724,"건물 모으는 재미가 쏠쏠,,",5,좋아요!,
2019-07-18 08:04:17,False,뿌우웅빠앙,집짓고 꾸미기 때문에 잘 잠드는거같아요!,5,좋아요,
2020-02-11 01:53:24,True,wit9760,..,1,건물 하나남있는데 탭해서 따위에 올려놓았는데 해당형태의 건물이 부족합니다.라고 뜹니다.,"{'id': 10520057, 'body': 'Hi,\r\nCould you please contact us via the in-app feedback system so that we can investigate the problem further? Thank you and sorry for any inconvenience caused.\n- SleepTown', 'modified': '2020-02-11T01:53:24Z'}"
2020-08-16 17:55:10,False,뚜뚜빠빠,결제 취소하려는데 어떻게하면되나요,5,취소,
2020-09-06 15:06:22,False,재미지다아아,기대됩니다,5,방금 설치했어요,
2019-04-24 12:31:06,False,총씨,언제까지 할 지는 두고봐야겠지만…,4,재미있는 거 같아요,
2020-10-25 15:51:02,False,스티커오류,위젯 기능 원합니다!!!!,5,위젯 기능 만들어주셐요!!!,
2019-04-12 03:05:46,False,carryon112,Treehouse 어떻게 다운받나요 ?,3,Forest 앱에서 보고 왔는데요,
2019-04-02 04:37:46,False,jhhi0210,수면 습관 기르는데 정말 좋은더 같습니다,5,좋아용,
2018-11-30 23:58:46,False,ㅇㅇㅋㅋㅋㅋㅋㅁㅇㄴㅈㅋ,집 짓겠다는 생각에 자연스럽게 자러가게되네요.,5,안자려다가도,
2019-05-29 02:59:38,False,돈없다ㅏㅏ,내가 안함 하하...,5,겁나 좋은 앱이지만,
2019-05-11 23:19:05,False,김서방도깨비,잠을 자는데 집이 지어져요!,5,최고의 어플,
2019-06-10 09:47:03,False,y_u_ng,스타파운틴 받을라고 써요 넘 귀여움,5,귀여운앱,
2019-07-13 16:10:18,False,노랑나비흰나비,건물이 뭐나올까 일어나는 재미가 있어요 ㅎㅎ,5,재밌어요,
2019-05-09 07:58:00,False,시발라,ㅎㅎ,5,포레스트 이용하다가 다운받아봤어요,
2019-04-10 14:21:30,False,bnl333,정말 기가막힙니다 완벽한 기상습관 어플,5,아,
2021-07-25 15:34:04,False,5COTTON22,규칙적인 생활을 도와줍니다,5,좋아요,
2019-04-09 21:22:05,False,피아테,꾸준히 쓰면 코인 많이 모이고 재밌네요,5,좋아요,
2020-04-03 05:33:22,False,Sja놈,한달동안 재밌게 하고 있어요~,5,재밌어요,
2019-04-10 00:00:41,False,wowasdubytw,켜놓고 딴짓만 안한다면ㅋㅋㅋㅋ,4,친구들과 같이 하기 좋아요,
2018-10-27 20:02:34,False,아이스구름,효과가 정말 좋습니다!!!,5,정말 상상이상의 최고의 앱,
2020-03-16 16:49:03,False,00쭈꾸,오늘 구매했는데 생각했던 느낌이 아니라 혹시 환불되나요?,1,환불해주세요!,
2019-05-28 11:48:18,False,졸귀꽃,포레스트에서넘어와써용,5,예뻐요,
2019-05-21 13:40:58,False,갱샙,잠에 일찍 들수있어서 참좋네요 ㅎ,5,아주 좋아요 !!,
2019-05-06 12:59:45,False,ws♡,수면 타입 개선에 도움이 됩니다,5,좋아요,
2019-04-05 09:22:32,False,망쥬ㅋㅋㅋ,건물지으려고 핸드폰 안하게 되는,5,좋아요,
2021-07-27 01:01:42,False,만두더쿠곰,밤에 핸드폰 안하게 되서 좋네요,5,굿굿,
2020-04-09 00:05:02,False,꼼지이,덕분에 맨날 일찍 일어나고 있어용,5,좋아요,
2019-04-07 00:28:13,False,제리95,밤에 일찍 자기 시작했어요,5,너무좋아요,
2019-04-01 22:50:36,False,csiu123,서클기능 기용해서 사람들이랑 같이하니 좋음,5,좋음,
2019-06-26 23:31:07,False,Añng,규칙적인 생활하는데 도움되요,5,좋아요,
2019-05-01 21:59:09,False,굳이넴,취침시간 규칙적 유지에 도움,5,좋습니다,
2021-01-16 13:03:48,False,JHinSeoul,수면습관을 위한 최고의 앱,5,강추,
2021-02-22 21:29:07,False,이카잉,"수면의 양, 질 향상에 최고입니다",5,최고,
2020-06-04 22:51:19,False,댜우이야,계속 사용해볼게요!,5,좋아요,
2019-04-07 20:07:42,False,히이옷스,ㅈㄱㄴ,5,덕분에 수면시간관리 잘되요,
2019-04-09 02:16:36,False,그리지영,"뭐나올지매일 잠자며 기대되고
수면습관 기르기도 좋고
규칙적인 잠으로 건물을 얻는다니
너무 신박하고 좋음
다만 설명이 자세하지 않아서
아직도 마을꾸미는 방법을 잘 모르겠음",4,그래픽이 예쁘고 수면습관에 좋아요,
2019-04-02 23:59:04,False,원수원,유용하게 잘 사용하고 있습니다!,5,잘 사용하고 있습니다,
2020-07-02 04:13:56,False,Billion_k,좋아,5,잠탱이한테 유용합니다,
2019-05-13 22:40:27,False,ㅅㅈㅅㅈㅅㅈㅅㅈㅅㅈㅅ,흔들고 다시 자기도 함ㅋㅌㅋㅋ,5,재밌어요,
2019-07-10 21:27:07,False,초매미,확실히 일찍자게됨,5,너무 귀여우ㅕ요,
2022-05-03 07:14:27,False,아통어어나ㅡㅌㅌ,포레스트 처럼 위젯 만들어 주세요 ㅠㅠ,4,위젯,
2019-04-02 02:27:56,False,zz193155,예쁜 건물들이 많아서 빨리 짓고싶네요,4,좋음,
2019-08-02 11:57:54,False,밍밍크,돈없으면 집을 뿌시지더 못한다니 ㅠ,2,지키기 너무 어려워요,"{'id': 10188687, 'body': ""Hi, you can earn coins by sticking with your goal and keeping a regular sleep schedule. That's the core of the app. :) - SleepTown"", 'modified': '2019-08-15T19:25:59Z'}"
2019-05-21 15:02:58,False,이앱좋탘ㅋㅋㅋㅋ,건물 모으는 재미가 쏠쏠해요,5,좋아요,
2019-05-05 14:16:09,False,쿠키쿠킿,이게 뭐라고 집 안 뿌실려고 핸드폰 말고 노트북 가지고 놉니다ㅋㅋㅋㅋㅋㅋㅋㅋㅋㅋ,4,귀여워요,
2019-04-12 00:53:39,False,나느우어ㅑ,다만 일주일 내내 같은 시간으로만 설정해야된다는게 아쉽네요,3,굿,
2019-07-20 23:04:27,False,춘득박,게임 느낌이 좋네요,5,귀여운 맛,
2019-05-29 15:53:28,False,토너어으어,잠자는 숩관 기루는데 도움됩니더,5,좋아요,
2019-04-08 15:06:42,False,슬ㄹ링,정해진 시간안에 자게 해서 좋아요,5,잠을 자고자해요,
2019-04-22 21:48:28,False,숙명인,폰에 손 안대니까 자게 돼요,4,잠 안자는 습관 고치기에 좋음,
2019-06-19 22:25:05,False,발톤톤이,기대중이에오 건물주세오,5,써보는중,
2019-04-20 07:19:01,False,복치사망중입니다,자기 전 휴대폰 안 쓰게 되네요ㅎㅎ,5,잘 자볼게요,
2019-04-04 22:00:31,False,괴도겨털,다른 앱보다 훨씬 잘 일어납니다,5,확실한 수면 앱,
2022-09-19 22:01:01,False,베리베리굿 굿 굿 굿 굿,모으기 중독,5,재미나요,
2019-04-03 10:38:37,False,Damvictoria,강제로 일어나서 좋아요,5,재밌다!!!!,
2019-05-21 07:41:08,False,abdhfhr,수면에 도움이 됩니다,5,좋아요,
2019-02-16 16:31:58,True,복실이213,"저도 앱 깔았는데 treehouse안받아졌어요
앱 환불해주세요 빨리요
빨리 환불처리해주세요",1,안받아져요,"{'id': 7216178, 'body': 'Hi,\nplease do contact us via our in-app feedback system so that we could help you resolved the problem! (We could only help you redeem the tree house through your registered account, so please contact us so that we could help you!) :) SleepTown', 'modified': '2019-02-16T16:31:58Z'}"
2019-05-23 02:59:27,False,이용자1839,좋아요,5,포레스트에서 넘어왔어요!!,
2019-04-24 07:58:05,False,bbodoo,집지어지는게 은근 동기부여 됩니다,4,좋네욤,
2019-04-02 22:33:21,False,겨울순록,건물디자인이 너무예뻐요!,5,좋아요!,
2019-04-14 11:20:03,False,I am coolguy,도움이 되네요,5,좋습니다,
2019-05-15 07:11:35,False,서일이삼사,사용하기 편해요! 밧데리 소모도 적네요,4,편해요,
2019-04-03 20:48:05,False,나갱쓰98,규칙적인 수면리듬을 맞춰줘서 좋아요!,5,짱,
2019-04-07 20:01:51,False,하아우러앋,마을 꾸미는 게 상당히 귀여워요,5,귀여워요,
2019-05-09 03:58:07,False,토토로회색,규칙적인 생활하기에 좋아요,5,ㅐ,
2019-05-29 14:39:01,False,아앵스,오늘 처음 사용해보려는데 설레요~~,4,처음,
2019-04-28 17:25:49,False,췍 암더코리안 힙합모범 노블레ㅆ,테마가 깔끔하고 예뻐요,5,좋아요,
2020-04-30 23:34:53,False,dotorrii,취침시간 지키게되서 좋아요!!,5,좋아요!!,
2019-06-06 13:40:56,False,Zz효ㅠㅕㅠㅕㅠㅕ,규칙적인 생활 도전!,5,기대돼요!,
2019-04-20 11:30:55,False,쿠키캬컁ㄹ,써보고 다시 평가헤야지,5,함 써봅니다,
2019-05-19 11:57:04,False,jjjoy37662,게임처럼 목표의식이 생겨서 잘 자게 돼요ㅎㅎ,4,굿,
2019-04-10 12:43:27,False,유빈222,습관 개선에 도움이 되네요ㅎㅎㅎ 좋아요,5,좋아요,
2021-07-15 22:13:41,False,ㅎㅎㄱㄷㅊㅊ,자기전에 폰 안해요ㅠ,5,조아요 ㅎㅎ,
2020-04-08 16:11:26,False,오빔,잘 써볼게요!,5,결제했는데,
2018-04-25 22:05:45,False,mallangg,덕분에 잠버릇 고쳤어요 좋아요,5,좋은어플,
2019-04-18 00:11:01,False,피카츄라스,건물이 그냥 무너졌어요,3,한번씩오류나요 ㅜ,
2020-04-27 12:41:58,True,녹차바나나,최고의 앱!,5,추천해요,"{'id': 10188671, 'body': ""Hello, sorry for the inconvenience. This issue has been resolved in the latest version (v.3.2.3). Please update to the new version, and your buildings won't be cancelled again after your phone is locked. We'd really appreciate it if you update the review and rating when you've seen the improvement. Thank you! :) - SleepTown"", 'modified': '2020-04-27T12:41:58Z'}"
2019-06-13 08:11:21,False,명장조봉래,적-절,5,자기전 폰사용 방지용으로 적절함,
2019-07-08 10:44:55,False,덩차,굿이에요,5,예쁘고 맘에 들어요,
2020-06-14 13:12:10,False,고양이너무귀여워,집들이 너무 귀여워요,4,후기,
2019-05-09 22:12:11,False,나 비,ㅇㅇ,5,수면 패턴을 만들수 있을것 같아요,
2021-04-03 01:03:03,False,얄라링요,귀엽고 좋아요,5,재미있어요,
2021-01-13 14:57:53,False,완벽그자체1,수면게임하는것같아요,4,재밋어요,
2019-04-04 09:51:54,False,Sweetea123,모으는 재미가 있네요~,4,좋아요,
2019-04-09 08:09:57,False,에이지 ㅎㅎㅎㅎㅎ,굿입니다,5,좋아요오,
2019-05-05 00:54:12,False,ㅎㅎ신기방기,맨날 끄구 다시 자긴하는데ㅎㅎㅎ,3,좋은거가태여,
2019-04-30 15:19:06,False,뿌꾸빠꺄쀼뜌,귀엽고 좋아요 더 써볼게요,5,좋아용,
2021-09-27 21:58:19,False,굿인생,다시 리뷰할게용,3,더 써보고~,"{'id': 26236733, 'body': ""Hi,\nThank you for the feedback! Don't hesitate to give us a positive rating if you enjoy the app. :)\n"", 'modified': '2021-11-12T15:12:32Z'}"
2020-04-15 16:18:46,False,ㅓㅓㅇ우어아아아,차곡차곡 건물 짓기 귀여워용 ㅎㅎ,5,귀여워요,
2019-06-22 14:48:56,False,잭맨이,너무재밋어요,5,오잉,
2019-04-30 23:02:25,False,엘루다이아,Also useful,5,So beautiful app,
2019-07-22 14:48:14,False,람무우,잘 쓰겠습니다,5,좋아요,
2019-04-07 21:54:38,False,ahlny,너무너무 귀여운 게임이에요ㅠㅡㅠ,4,ㅎㅎ,
2021-02-18 14:01:45,False,백원준대서,해보겠습니다,4,일단,
2022-10-03 21:27:13,False,shp0246,좋은 수면 앱,5,꿀잠 어플,
2019-04-24 08:45:33,False,전한길듣는 수강자,스타타운 주세여,5,좋네요,
2019-04-13 21:53:17,False,sdkjf,일찍 자고 일찍 일어나게되네요 정말,4,재밌어요,
2019-06-17 14:09:29,False,274947251,폐건물 삭제 어떻게 해요??,5,폐건물 삭제 어떻게 해요??,
2021-01-13 06:17:01,False,zzzidhakfbe,이거없으면 흑흑,5,좋아요,
2021-04-16 21:51:11,False,1234빈수,잘사용중입니다,4,좋아요,
2022-02-11 23:45:37,False,jei choigo,열심히 할게여,5,좋아요,
2021-03-18 00:15:11,False,김일이삼,집이 짱 귀엽습니다,5,귀요워요,
2020-12-28 01:46:37,False,오원석ushers,위젯좀 만들어주세요,5,위젯,
2019-06-04 23:50:39,False,보솜쓰,노무좋은거같아용,5,좋아용,
2020-05-25 14:35:57,False,야발라발리아,완전 좋아요,5,아침형 인간 도전,
2020-05-14 04:41:31,False,키크거싶당,너무좋아용,5,잠잘와용,
2020-04-15 16:06:18,False,코나_N,좋습니다,5,좋아용,
2019-06-10 12:50:18,False,충전오류..,수집력이 올라가요,5,좋아요,
2019-04-20 18:09:05,False,김밈밈,시간 재 설정 텀이 너무 김,5,시간,
2019-04-21 04:03:28,False,민주루루,폰안만지게되서 조아요,5,아주조아요,
2019-04-17 01:09:20,False,whale in sky,스타파운틴 주세요 ~,5,좋아요,
2019-05-08 01:53:13,False,굄기맘둬,유용합니다,5,좋아요,
2021-09-11 08:50:59,False,탐희.,이게 되는건가 안되는강가,3,..?,"{'id': 26236729, 'body': 'Hi, \nIs there anything we can help you with? Feel free to contact us at st.android@seekrtech.com specifying the issues you have encountered. We are more than glad to assist you! :)', 'modified': '2021-11-12T15:12:12Z'}"
2020-06-25 05:12:04,False,잘자쩡,잠,5,써보겠습니다,
2019-06-05 03:55:54,False,jiny_o,수면습관을 다잡기 좋네요,4,좋아요!,
2019-04-19 01:36:28,False,조아조아랑링랑,좋아요!!!딱 내스타일!!,5,굳굳,
2022-08-10 03:16:15,False,^^#!,잘쓸께요,4,재미있어요,
2021-11-04 11:36:05,False,Delight --,"환불이 안되네요, 환불해주세요",1,"환불이 안되네요, 환불해주세요","{'id': 26236678, 'body': 'Hi,\nAs WaterDo does not have the right to interfere with payments made on the App Store platform, please contact App Store directly for a refund. Thank you and sorry for any inconvenience.', 'modified': '2021-11-12T15:09:29Z'}"
2019-04-12 22:03:56,False,꿍끼라나ㅏ,건물 지어지는 맛이 굳 ㅎㅎㅎ,5,넘 좋아요,
2019-12-25 01:11:58,False,Hejdm,배터리 소모가 좀 심한느낌..,3,배터리,"{'id': 12597553, 'body': 'Hi,\nSorry for the trouble. We are working on a fix and suggest that you keep your phone charged at the moment. Thank you!', 'modified': '2019-12-26T14:58:22Z'}"
2021-05-16 15:08:32,False,콬ㅋ코8888888,슬립타운 최고!!,5,좋아요,
2020-04-02 01:07:50,False,어떤별명을해야하나,배터리 소모가 너무 심해요,3,배터리,
2019-04-25 12:50:58,False,아어라으나누얼,취침습관기르기굿,5,젤 좋아요,
2019-08-05 13:55:23,False,poetjo,zzz,5,잠 자고 싶은 어플,
2019-06-11 22:06:09,False,뇌하수체,생활패턴 만들기,5,조아요,
2019-06-12 04:09:08,False,프불파코,숙면 기대할게요,4,귀여움,
2019-05-06 15:34:03,False,다란짱,ㅎㅎ,5,열심히 써보려구여,
2019-04-01 23:06:02,False,쭈꾸러미,좋은수면ㅂ관만들기에 아주좋아요~,5,굿,
2019-05-08 21:55:05,False,망하지 마요 퓨퓨,이뻐용,5,그림체가,
2019-05-07 20:34:44,False,round203,완전좋아요,5,짱짱!!,
2019-04-02 21:41:10,False,투투데잇,수면관리하기 좋어요,5,수면,
2019-06-09 17:40:57,False,저모퉁이에서얼굴이하얀이가걸어오고있다,스타파운틴!!,5,좋아요,
2019-06-08 09:47:47,False,시간시간시간시간,귀여워요,5,좋아여,
2019-05-07 15:26:07,False,문어나무,생활습관잡기좋아요,5,좋아요,
2019-04-29 04:51:21,False,mapletarae,감사합니다,4,만족 ㅋㅋ,
2020-10-29 05:26:21,False,뀽큐뀨,화이팅,4,이제 막 써봐여,
2021-01-13 14:07:16,False,양야채,짱이에요,5,영야채,
2019-07-21 08:50:14,False,건포도도,아주 조아,5,이거 정말조아,
2019-04-28 08:04:22,False,ㅇㅇㅌㄴ,귀여워용,5,좋아요,
2022-06-27 09:10:00,False,1263789,ㅏㅏㅏㅓㅓ,5,좋아요@@@@@@@@@,
2022-06-16 06:33:44,False,shzhajah,너무 좋아요,5,👍🏻,
2019-05-01 14:22:25,False,주영주령,추천합니다,4,추천합니다!,
2019-04-07 21:01:50,False,냠나나난남아앙,ㅎㅎ,5,좋아요 완전 추천,
2019-06-23 12:33:15,False,ㅁㄴㅇㄹ~!,잘자는 나 파이팅,5,파이팅,
2019-06-14 00:14:46,False,10simforU9,규칙적인 생활 가능,5,굿,
2019-07-28 13:52:38,False,로스리스,좋아요,5,좋급니다,
2019-05-02 00:27:56,False,ㅇㅇㄱㅈㅅ,:),4,유익해요!,
2018-08-10 22:47:37,False,양평Q평해장국,좋음,5,봏아요,
2019-04-16 07:12:16,False,히희히,꿀잠,5,좋아용,
2019-05-02 17:26:21,False,혲니1004,건물이이뻐요,5,조아요,
2019-04-15 22:25:25,False,흒,꺙,5,넘조아욘,
2020-09-11 04:10:13,False,바바하,좋우,5,좋아용,
2020-05-12 22:23:14,False,요리왕조아,ㅎㅎ,5,좋아용,
2019-04-29 14:35:27,False,빈1222,집 짓기 재밌어요 :),4,재밌어요,
2019-04-09 22:12:01,False,mocas2,좋아용,5,좋아요,
2021-06-15 01:00:53,False,GibeomKo,괜찮네요,3,좋아요,"{'id': 23422330, 'body': ""Hi,\nThank you for the feedback! Don't hesitate to give us a positive rating if you enjoy the app. :)\n- Forest"", 'modified': '2021-06-16T14:53:18Z'}"
2019-04-14 17:12:37,False,22하나둘22,좋은것같아요,3,좋아요,
2019-04-29 13:20:03,False,뱜뱌먀먑ㅁ,ㄷㅋㅇㄹㅇ,5,ㄴㄴㅇㅇ,
2019-07-19 12:52:39,False,story store,조아요!!!,5,대박,
2019-08-01 03:18:29,False,audrey8311,예뻐요,5,예뻐요,
2019-04-08 22:56:25,False,ㄴㅅ요려,ㅇㄹㅎ,5,ㅊㅎㅎ,
2019-04-03 21:31:51,False,좋지만은서도응,좋아요,5,좋아료,
2019-04-04 22:31:11,False,오니오오,젛아요~~,4,좋아요,
2019-05-08 13:59:53,False,개코왈왈,굿굿,5,rntrnt,
2021-12-08 10:33:15,False,마재우에처너크내,ㅋㅊㅇㅇ,3,ㄷ,
2019-04-02 22:44:07,False,ㅇㅇㅇ....,좋네요,5,좋아요,
2020-10-02 23:25:00,False,Hanab123,써봐,3,써보구,"{'id': 18254881, 'body': ""Hi,\nThank you for the feedback! Don't hesitate to give us a positive rating if you enjoy the app. :)"", 'modified': '2020-10-04T08:16:48Z'}"
2019-07-14 22:56:28,False,ㅅㅂ리뷰는개뿔,짱,5,체고오오,
2020-08-27 14:19:50,False,나냔누뉴,조아요,4,조앙,
2020-04-11 22:09:06,False,난무름,"Thank you for your launching this app. It’s been a month since I used this app, and my poor sleeping habits were completely fixed. But there are some suggestions, I want you to consider. 
First, with the social circle mode, to me it’s too  difficult to find other circle member. I would like to suggest you to modify as we can search other members in the app, making easier to organize the circles. 
Second is about translation. I’ve been using ‘Forest’ also for a year, and there wasn’t any inconvenience with Korean translation. However, this app has many translation errors, and even tying errors. I would like to suggest you to modify this.
Thank you so much 사랑해요💕",5,잘 사용하고 있습니다. 몇가지 건의사항이 있는데요,
2020-12-29 23:08:36,False,jinahhhhhh,ㅎㅎ,5,ㄱㅊ,
2022-06-15 22:02:41,False,귀여ㅕㅂ,재밌어요,5,😃,
2021-09-12 08:06:42,False,kye9297,두근두근,5,두근두근,
2019-06-20 04:10:12,False,사기꾼존나만음,굿굿,4,조여요,
2020-05-25 14:35:35,False,다빔잉,굿굿,4,좋네요,
2019-04-09 12:19:52,False,모마 연결,좋아요!,5,좋아요,
2019-04-22 10:31:16,False,woddbfls,좋아요,5,좋아요,
2019-04-05 23:02:18,False,좋아요:],좋아요^.^,4,좋아요,
2019-07-29 05:22:48,False,나아르,좋아요,4,좋아요~,
2019-04-19 22:03:03,False,글지마아,좋아요,5,좋아요,
2019-04-14 14:18:14,False,윤영퀀,좋아요,5,좋아요,
2019-06-16 12:29:06,False,낭낭하이,굿입니다~,5,굿,
2019-05-13 04:25:12,False,쵬꾸꾸,굳굳,5,좋아요,
2019-04-03 23:59:20,False,아무 별명이나 괜찮아,좋아요,5,좋아요,
2022-05-17 21:34:53,False,해워니ㅣㅣ,ㅌㅇ,5,ㅇ,
2021-04-15 22:54:17,False,dddddfdxxcjh,좋아요,5,굳,
2019-04-13 15:16:10,False,달의조각,츄,3,ㄹ,
2021-02-09 01:42:00,False,jha2449,굿,5,재밌엄,
2019-05-11 06:42:34,False,아주조아아앙ㅇ,굿,5,rnt,
2020-06-23 22:25:13,False,낌빱말아낌빱,굿입니다,4,굿,
2019-07-20 00:16:55,False,anxious sloth,"I have trouble sleeping as in, I have a bit of trouble falling asleep AND I constantly wake up at night. I read that switching to a different app destroys your building so though I woke up a couple times, I didn’t look through my phone at 3am as I usually do, which is pretty nice. The only complaint I have is that the whole “insta-break if you fail” thing is really terrifying and kind of stresses me out at night.",4,daunting but cute,
2018-09-26 03:17:38,False,Adele HJ,"Hi I'm an iphone 8 user, my phone just became a brick (as in the screen became black and no button worked until i forced the restart) right after modifying the bigtown and then locking it... Maybe the app collided with the new iOS 12? The app works fine normally and it may be just my phone but it'd be nice if you could check on it :) thanks",5,Crashing?,"{'id': 5246109, 'body': 'Hi,\n\nSorry to hear this is happening.\n\nCould you please send the details and the screenshots of the problem to st.android@seekrtech.com ?\nWe could further investigate this issue! :)', 'modified': '2018-09-26T16:38:56Z'}"
2020-04-11 09:00:13,False,hiiamdong,"This app is very simple. But it is very attractive and funny. Every night, I expected what building will be built tomorrow morning. (Although many case were just 1$ building) Anyway I love this app and hope that many other building will be added! 

PS. I really want to add a option that I can rotate buildings 🙄",5,Thank u for making this app,
2021-05-11 22:21:23,False,광흥창전기장판,잼싸유,5,굿,
2019-06-26 15:01:59,False,다넝드,도움됨,5,굿,
2020-10-14 12:28:07,False,우오악커몬,아아,4,아아,
2020-10-01 06:15:51,False,hibara16,"In some reason, I can’t buy (or click) benches, trees, more lands ext.. This app has helped me to build good sleep habits, but UI is less convenient than Forest app. It would be grateful if you guys check out on this problem :) Thx",5,Is it a bug?,
2019-05-14 07:37:20,False,다닝91,조아요,5,조아요,
2019-04-16 19:28:47,False,기미슝,"포레스트 생각보다 너무 잘쓰고있어서 믿고 구입했어요ㅎㅎ 안그래도 폰때문에 잠시간 줄어드는거 꽤나 스트레스였는데 슬립타운으로 개선되길 희망해봅니다ㅎㅎㅎ 근데 포레스트이용하면 준다는 집은 어떻게 받을수있는건가요?
Can i login by forest email? but i couldn’t so i registered by same email and password again. did i right? and i wonder the way i can get a house which was supposed to get, using forest app first.",5,포레스트에 이어서,
2019-04-27 13:55:13,False,aowmc,굿!,5,좋아요,
2018-10-21 20:04:19,False,열받은사람ㅇㅂㅇ,"I can't see tree house button.
Sleeptown's setting just show change user name  , change e-mail address, change password and destroy all structure 
Plz explain to me",5,give me Treen house :-(,"{'id': 5683411, 'body': 'Hello,\n\nPlease go to the settings page of SleepTown and tap on your user name. This will take you to your profile page where you can find the redeem button for ""special Forest house"". Please note that the Forest app should be installed in the same device or the redeem button won\'t appear.  \n\nAnother reason could be you\'ve already obtained the Forest house. Please tap the ""next"" button at the bottom-right corner of SleepTown\'s main page where the ""Next Building"" page will pop up. Once the page has appeared tap on the hand icon where you should be able to choose your next building. See if the Forest house is available . \n\nThank you! :)', 'modified': '2018-10-27T11:46:32Z'}"
2019-06-18 03:41:11,False,공션서,굿,5,좋아요,
2019-04-10 23:04:48,False,퐁시,ㅇㅇㅇㅇㅇㅇ,5,ㅇㅇㅇ,
2019-04-08 04:56:50,False,제에바알좀,구구굿,3,굿굿,
2019-06-12 17:24:28,True,hauoliiiiii,"Its so useful! Especially when i need to go to bed on time, it helps so much! 
And i really enjoy building the town however, can you please~~~ also make the houses rotate?? Its all facing one direction..",4,All good but!,"{'id': 7483538, 'body': 'Hello,\n\nThank you for your feedback. \nWe will forward your suggestions to our team.\n\nFeel free to contact us via our in-app feedback system if you have further questions. :) - SleepTown', 'modified': '2019-06-12T17:24:28Z'}"
2019-04-07 22:35:13,False,라온미르,좋아요,5,굿,
2019-04-04 22:17:46,False,ㄴㅁㅇㄹㄱㅇㅊ,조아요,4,조아요,
2018-10-15 22:18:19,False,spfhqhdlfem,Fixed my sleep schedule thanks to this app which I couldn’t have been done for years,5,Awsome app,
2019-06-23 22:49:25,False,리얼북,굿,5,좋음,
2020-06-17 02:28:40,False,gkjlksd,"I turned on the alarm but it didn’t work this morning. So I woke up ‘after’ the wake up time goal, but this app was still constructing my building. How can I solve this problem?",3,Error,"{'id': 16045310, 'body': '\r\nHello, sorry for the inconvenience, would you please contact us via in-app feedback? We will investigate this issue further.', 'modified': '2020-06-17T12:08:05Z'}"
2019-06-09 22:34:54,False,검색기능 ㅠ,This app makes me wake up earlier than before and I can wake up in the morning with excitement!,5,It is awesome!,
2020-04-12 14:54:46,False,뮤지아7,"Thanks for great app!
I know about event gift that is for Forest app user. I’m using Forest app too and I want to get it but I don’t know how..
Please help me. :)",5,For Forest app user gift,
2021-03-30 14:12:52,False,스파르타13,"I’ve sent an email about the error that occurred recently
Plz check the email",3,Please check the email,
2021-06-24 16:11:20,False,크늡켑툼,굿,5,mm,
2019-04-01 23:38:16,False,길을잃었어,Getting my chances to wake up whole blown up just because I missed the exact set wake up time once seems too cruel.,3,I wish I could set multiple alarm..,
2020-03-23 02:00:04,False,이나덕,So I has destroyed two buildings already!! also the day-off function doesn't work at all! It destroys everything!! 😭 I love the idea though..,3,Alarm didn't ring,
2019-04-08 22:46:49,False,dar54U,I'm only a few days in but sleeptown is helping so far. Love the built in alarm :),5,Good so far!,
2020-04-23 23:28:07,False,미니롬,"I installed this app last night and I used it. This morning, I found two problems.

1. When I clicked the Social Club, the notice about error appeared. My Club member told me that her club is disappeared.

2. I got up correctly but app showed me an error notice. Although I used wifi, it told me I have to use internet.

Please fix them all as soon as quickly. Always thank you.",2,There are two problems in app,
2018-11-04 13:31:29,True,Jake_Sargento,"I request refund it. I click it wrong.

아니 몇번을 썻는데 아직도 환불이 안되요 빨리 환불해주세요 잘못눌렀다니까?
I already request many many many times... PLEASE REFUND THIS APP!! I DONT NEED IT!!!!!!!",5,잘못눌러서 결제됬어요 ㅡ 긴급,"{'id': 5499920, 'body': 'Hi,\n\nSorry for your inconvenience.\nCould you please contact us via our in-app feedback system so that we could better help you solve the problem?\n\nThank you! :)', 'modified': '2018-11-04T13:31:29Z'}"
2018-08-27 08:17:52,False,레모나1,Can i get the treehouse from Forest app? How can i get it and where?? I like your apps.,5,Treehouse...,"{'id': 4832543, 'body': 'Hello,\n\nPlease go to the settings page of SleepTown and tap on your user name. This will take you to your profile page where you can find the redeem button for ""special Forest house"". Please note that the Forest app should be installed in the same device or the redeem button won\'t appear.  \n\nAnother reason could be you\'ve already obtained the Forest house. Please tap the ""next"" button at the bottom-right corner of SleepTown\'s main page where the ""Next Building"" page will pop up. Once the page has appeared tap on the hand icon where you should be able to choose your next building. See if the Forest house is available . \n\nThank you! :)', 'modified': '2018-08-28T01:58:31Z'}"
2020-06-19 02:10:09,False,문종이에요,ㅎㅎ,5,ㅎ,
2020-04-23 23:07:43,False,jiii2464,"Error-503

I used the customer center a few days ago because there was an error, but now I can’t get into the customer center. The following lists are not working at this time. “Big town” “performance” “customer center” 

I like this application. But I feel so uncomfortable because there have been a lot of errors recently. 

ㅡㅡㅡㅡㅡㅡㅡㅡㅡㅡㅡㅡㅡㅡㅡㅡㅡㅡㅡㅡㅡㅡ
백수라 아침에 일어나기가 힘든데 이 어플 덕분에 부지런하게 일어나고 있어요ㅎㅎ 슬슬 익숙해져서 잠결에 켜고 가끔 다시 잠들때도 있지만ㅠㅠ 그래도 정말 좋은 어플인 것 같아요ㅎㅎ 배경을 얻고 싶은데 서클에 가입해야해서 번거로워서 못하고 있어요ㅠㅠ 그 부분만 좀 더 편했으면 좋겠어용",1,Help me!!!!!!!!!!!!!!!!!!!,
2020-08-06 19:18:43,False,오이맛수박,I want to see the building I built every week and every month.,3,Request,"{'id': 17198479, 'body': ""Hello, you are able to view the buildings you built each week in the Settings page. Currently we don't have the option for viewing buildings every month, but we will consider implementing it in the future. Thank you for the advice. :)"", 'modified': '2020-08-11T01:44:13Z'}"
2018-10-09 09:20:29,False,howjtidb,"It's useful, but why can't I build my own town? It's not like advertising. What should I do?",4,"직접 건물 건설, 마을 꾸미기가 안되네요","{'id': 5435180, 'body': 'Hello,\n\nWhen your town expands to the size of 2x2, you will be able to create and customize a new town. This can be done by tapping on the lowest button on the left side of the screen. Once you have created a new town you can add decorations, rearrange buildings, and purchase more land. \n\nPlease contact us if you have further questions. :)', 'modified': '2018-10-10T07:03:57Z'}"
2020-12-30 01:11:25,False,이현서--,"위젯 만들어 주시면 좋겠어요 포레스트처럼

Hi it is very cute
I want to have widjet like “forest”
Thank you for reading",5,너무 귀여워요,
2019-04-12 02:24:53,False,NASA agent,Please let me know how to get the house for forest users TT,5,Hey Let me know,
2022-07-15 19:01:59,False,Mr.Hyuk J,I like the design of this app,5,Good,
2019-05-12 17:09:28,False,드웨인존슨즈,I want to get treehouse in forest what can i do for it? Thx,5,좋은 어플이에요,
2020-10-07 00:23:05,False,네네네ㅣㄴ냥,"Alarm doesn ring!!!!!
I pressed the sleep button and just locked it
I didn't close it but the alarm didn't ring",1,Alarm doesn't ring!!!!!,"{'id': 18403947, 'body': 'Hi, sorry for the problem caused. Could you please contact us via in-app feedback? Please let us know your phone model and app version. Please provide screenshots/videos showing the problem if you can. Thank you!', 'modified': '2020-10-11T12:17:17Z'}"
2020-02-20 04:36:43,False,캣태ㅛ,i would like to communicate with my team member,5,we need social circle chat!!,
2020-09-27 14:30:19,False,haineyKim,"소셜서클 만들고나니까 목표를 바꿀 일이 생겼는데
어떻게 바꿔야하는지 모르겠네요
서클 설정에서 바꿀 수 있게 되면 좋겠어요

I want to change the time setting of social circle.
I hope I can change the time at social circle setting menu.",4,소셜서클 시간도 바꾸고싶어요,
2019-05-06 23:06:33,False,Jeremiah Song,I really like this app.,5,Brilliant!,
2021-09-08 10:25:27,False,Canduckfly,Seems nice,5,Nice,
2021-03-10 01:31:39,False,지은 Monica,Forest처럼 위젯 좀 만들어주시면 좋겠습니다 ㅠ 그 외엔 다 좋아요.,4,I definitely need the widget of this app!,
2021-01-19 22:38:02,False,링치,it's really useful to me,5,good for my health,
2020-04-23 23:12:25,False,jjyo_,There is an unknown error (building. download-503) What should I do?,2,Error,
2022-02-05 17:33:51,False,하후하하하훟,짱,5,짱,
2021-05-03 07:12:29,False,sss_river,good,5,good,
2019-05-21 02:05:43,False,0108km,Totally great!,5,Great,
2019-07-27 20:29:44,False,neosoar2019,good,5,good,
2019-07-11 14:29:21,False,엄준형,Good,5,Good,
2020-04-24 00:40:08,False,Cherrmay,I love this app 💕,5,좋은 앱 입니다,
2019-05-19 16:36:07,False,frdssc,very good,5,good,
2019-04-09 15:47:49,False,짜장면 뚤이,Sleep town ham e yuong hae bo get ssep ni da!!!!,3,Sleep town,
2021-03-30 12:12:59,False,앱스토어에쓸만한파일정리어플이없어힝,Not that bad,4,Good,
2019-04-15 18:06:08,False,데이터엿먹임,ㅎㅎ,3,ㅎㅎ,
2019-05-03 09:00:25,False,🔥🥰😍,Nice,5,Nice,
2020-06-05 22:38:15,False,마블디씨,ㅎㅎ,4,굿,
2018-05-29 13:10:15,False,아일린임,"Forest 어플 유저인데요,
이 어플 받으면 treehouse 준다고 해서 받았는데..
왜 여전히 treehouses가 unlock상태인거죠 ㅠㅠ
Treehouse 주세욧 !! 부탁합니다!",4,Treehouse 주세요 ㅠㅠ,"{'id': 3645562, 'body': 'Hello,\n\nPlease go to SleepTown’s settings page and tap the cell with your user name on it. This will lead you to your profile page where you can find the redeem button for “special Forest house”. \n\nThanks for contacting us :)', 'modified': '2018-05-30T03:26:02Z'}"
2020-05-28 08:44:09,False,ejduskx,Good,3,Good,
2018-05-20 20:46:48,False,Fe9999,good,5,good!!!!,
2019-05-28 22:23:58,False,누누나눈아ㅏ앙도ㅜ라ㅜㄷ,굿굿,5,굿,
2020-04-14 04:24:36,False,박천윤,goodgood,4,good,
2021-06-06 23:54:59,False,lpjh1004,gôooooooood,4,gooooood,
2019-04-17 20:26:30,False,Panist!,굿굿굿,4,굿,
2021-11-24 23:18:24,False,ㅏㅏㅏㅏㅡㅏㅡ아ㅏㅇ,좋아요,5,유용,
2019-07-15 14:09:31,False,jddn6704,ㅜㅗ도ㅗ,5,ㅝㅓㅓ,
2019-05-03 00:18:39,False,Zd7722vv!,좋아요,5,좋아용😍,
2019-04-01 21:51:47,False,슈슈ar,좋아유,5,좋아요,
2019-04-23 16:19:51,False,주주주주주ㅜ주쥬,굿,5,굿,
2019-05-04 02:54:03,False,haninini812,👍👍👍👍👍,4,👍,
2018-09-22 22:17:19,False,져고러니,굿,5,굿,
2017-05-18 05:13:03,False,l루나ㅣ,"Forest도  잘 쓰고 있는데, 이번에도 실용적이고 예쁜 앱이 나왔네요!!

타운 만드느라 밤에 폰 끄고 일찍 자고 있습니다 ㅋㅋ

예쁜 건물 많이 추가해주세요😆",5,아기자기하고 맘에 들어요~!!,
2019-04-01 22:15:46,False,지횽야라,굿,4,굿,
2017-05-27 07:29:45,False,세상새내기,불규칙한 취침시간이 한번에 고쳐졌어요...ㅋㅋㅋㅋㅋㅋ,5,유용합니다,
2017-05-10 22:51:52,False,이거참재미지믄구만,그냥 로그인없이 사용하고 싶은데 먼 말이 많은지 참신해보여서 샀는데 그냥 다른 어플 추천드려요,1,돈주고 다운받는데 왜 아이디를 만들어야하는가,
2017-08-09 20:15:42,False,후덥지근,좋은습관을 만들어주는 어플!! 최고다,5,Good,
2021-09-28 03:31:13,False,횩ㅁ,ㅇㅎ,5,으빔ㄹㅋ,
2017-08-13 11:28:21,False,lillose111222,"Sometime, i need to sleep late. At that time , i want to sleep late and complete house.",4,Event!,
2019-12-23 21:40:17,False,栗……,一晚上打开软件睡觉，七个小时，满满的电量已经快耗完了。伤不起,1,耗电厉害,"{'id': 13185353, 'body': '您好，\n非常抱歉造成您的困扰，我们会检查看看这个问题。', 'modified': '2020-01-29T17:18:26Z'}"
2018-05-14 04:01:46,False,没起床的上课党,"如果没有盖成房子，那闹钟就不会响！
这样很蠢诶",1,闹钟不会响！,"{'id': 3465829, 'body': '您好，目前的设计是，没有开始盖房子的话，闹钟就不会响喔。请问您在调整闹钟时间与开关的时候，是否有出现以上的提示呢？\n我们建议您还是可以设定系统的闹钟，系统闹钟响并不会影响房子的建造。\n若您还有任何问题或建议，欢迎使用app内部的反馈系统与我们联系，祝您有个健康又美好的一天。 ：）', 'modified': '2018-05-15T01:32:31Z'}"
2021-01-03 03:32:29,False,sjuskhnu,"휴일을 일요일로 설정했는데, 그럼 토요일에 늦게 자도 되고 일요일에 늦잠자도 되는 거 맞죠? 근데 토요일에 자라고 알림 뜨더니 일요일날 늦잠잤다고 건물 무너졌어요ㅠㅠ",5,휴일인데도 건물이 무너져요ㅜㅜ,
2021-05-23 02:26:33,False,yediuzis,"목표를 재설정하면 이전 성공 데이터가 수정되던데, 결국 중요한 건 '내가 정한 목표를 지켰는지'이지, 상황에 따라 기상 취침 목표시간은 달라질 수 있잖아요? 목표 재설정이 이전 데이터에 영향이 없게 수정되면 어떨까 싶습니다:)",4,취침 및 기상목표 재설정 관련 제안,
2020-12-20 09:20:10,False,슢빅,뭔가 건물 무너지는 거 싫어서 일찍 일어나게됨,5,오 완전 구뜨👍🏻,
2020-12-02 00:36:26,False,포코숑,새벽에 폰하던 습관을 고쳤어요,5,새벽에 폰하던 습관을 고쳤어요,
2020-06-15 07:19:25,False,🌱민트민츠🌱,👍🏻,5,👍🏻🌱민트민트🌱,
2020-12-01 07:20:26,False,은이더럽,처음 깔아서 오눌 일일차입니당,4,잘써보랴구영,
2020-07-27 15:01:28,False,좋다좋아111122333,"자기 전에 핸드폰 하는 습관있는데 건물 무너질까봐 수면 누른 후에는 폰도 안 보게되고, 그러니까 잠도 더 일찍 잘 수 있어서 아침이 개운해요!!",4,굳굳,
2020-05-28 22:14:03,False,오ㅗㅗㅗㅗㅗ호,그래프가 갈색으로 나오는건 실패라는 뜻인가요? 좀 늦게 일어나면 갈색으로 뜨더라고요,5,그래프 갈색,
2020-05-03 11:49:20,False,19+피카소,ᕕ( ᐛ )ᕗ,5,◡̈♥,
2019-09-12 09:02:22,False,소라늄,여려분,5,잘자요,
2019-07-09 16:20:51,False,송민호 사랑해,재밌다 ㅎㅎ흫ㅎ흫개꿀재뭏릏,5,흐힣,
2019-06-02 14:53:47,False,찍짱,첫날 두근,5,기대돼용,
2019-05-16 15:03:53,False,(ㅎ-ㅎ3),나의 불면증을 없애준 어플  ㅜㅜㅜㅜㅜ!,5,조야요,
2019-04-23 23:19:39,False,곧재벌,건물짓는걸 원하면서 목표지키려고 하는중 도움돼요 짱,5,패턴바꾸기,
2019-05-10 03:06:41,False,dh079320,몬가 허겁지겁 핸드폰 끄게되는간 함정ㅇ지만 일찍 잘수있는게 너무좋다,4,일찍자게되서ㅜ너무좋름...,
2019-04-23 15:10:49,False,Ji헤,현질불가....무조건 규칙적으로 자야 건물 세울 수 있고 폐허 없애느라 고생했어용 추천합니댜 ㅋㅋ,5,ㅎㅎ추천추천,
2019-04-20 07:11:57,False,ㅁㄴㅉㄱㅂㅅㅊㅋ,굳,5,ㅁㄴㅇㄹㅎㅅㄱㄷ,
2019-04-05 15:34:28,False,아예에,"첨엔 잠 드는 사이에 건물이 세워진다고 해서 호기심에 했다가
건물이 늘어나면 뿌듯해져요~~
매일아침 건물 확인하는 기분이란~",5,시큰둥하게 시작했다가 빠져드는 슬립타운,
2019-04-18 08:45:03,False,ik8462,👍🏻,4,👍🏻,
2019-04-04 22:58:13,False,겨울이누나,소셜서클 하면 큰 집도 받웅 수 있구 잼씀,4,조아요,
2019-04-03 07:02:07,False,ㅇ롶ㅌㄴ,"잘쓰고있습니다.
습관만들기 좋아요
47RJNBP
친추하시고
같이해요",5,습관만들기,
2019-04-02 21:59:53,False,BK민,"예쁜건물들 부수기싫어서 일어나게되있슴..
알람끌때 핸드폰 흔들어야되는데 그때 잠 다깸..",5,ㅋㅋ 무조곤 알람시간에 일어나게 되있다,
2019-04-01 21:35:36,False,와식차차,건물 무너질까봐 일어나서 집 짓고 다시 자는 건 함정,5,좋아용,
2018-12-25 22:06:45,False,별명뭐가다있대18,건물 무너지는게 억울해서 일찍자고 일찍 일어나게돼요...! 건물도 다 이쁘고 어플 너무 좋슴당 추천인코드 KBTPX6,5,수면습관 진짜 개선됨ㅋㅋㅋㅋㅋ,
